iso_code,continent,location,last_updated_date,total_cases,new_cases,new_cases_smoothed,total_deaths,total_cases_per_million,new_cases_per_million,total_deaths_per_million,new_deaths_per_million,icu_patients,icu_patients_per_million,hosp_patients,hosp_patients_per_million,weekly_icu_admissions,weekly_icu_admissions_per_million,weekly_hosp_admissions,weekly_hosp_admissions_per_million,total_tests,new_tests,total_tests_per_thousand,new_tests_per_thousand,new_tests_smoothed,new_tests_smoothed_per_thousand,positive_rate,tests_per_case,tests_units,total_vaccinations,people_vaccinated,people_fully_vaccinated,total_boosters,new_vaccinations,total_vaccinations_per_hundred,people_vaccinated_per_hundred,people_fully_vaccinated_per_hundred,total_boosters_per_hundred,population_density,median_age,aged_65_older,aged_70_older,gdp_per_capita,extreme_poverty,cardiovasc_death_rate,diabetes_prevalence,female_smokers,male_smokers,handwashing_facilities,hospital_beds_per_thousand,life_expectancy,human_development_index,population
AFG,Asia,Afghanistan,12/4/2023,211630,118,128.143,7884,5145.546,2.869,191.691,0,,,,,,,,,,,,,,,,,,16625558,14559029,13846468,1036742,,40.42,35.4,33.67,2.52,54.422,18.6,2.581,1.337,1803.987,,597.029,9.59,,,37.746,0.5,64.83,0.511,41128772
OWID_AFR,,Africa,12/4/2023,13074358,0,81.714,258841,9163.82,0,181.422,0,,,,,,,,,,,,,,,,,,800667952,520718996,431751088,85116872,111216,56.12,36.5,30.26,5.97,,,,,,,,,,,,,,,1426736614
ALB,Europe,Albania,12/4/2023,333897,0,0,3604,117473.485,0,1267.979,0,,,,,,,,,,,,,,,,,,,,,,,,,,,104.871,38,13.188,8.643,11803.431,1.1,304.195,10.08,7.1,51.2,,2.89,78.57,0.795,2842318
DZA,Africa,Algeria,12/4/2023,271613,0,2.714,6881,6048.852,0,153.241,0,,,,,,,,,,,,,,,,,,,,,,,,,,,17.348,29.1,6.211,3.857,13913.839,0.5,278.364,6.73,0.7,30.4,83.741,1.9,76.88,0.748,44903228
ASM,Oceania,American Samoa,12/4/2023,8326,0,0,34,187967.039,0,767.581,0,,,,,,,,,,,,,,,,,,,,,,,,,,,278.205,,,,,,283.75,,,,,,73.74,,44295
AND,Europe,Andorra,12/4/2023,47939,0,1.286,159,600415.816,0,1991.408,0,,,,,,,,,,,,,,,,,,,,,,,,,,,163.755,,,,,,109.135,7.97,29,37.8,,,83.73,0.868,79843
AGO,Africa,Angola,12/4/2023,105353,0,3.143,1934,2960.269,0,54.343,0,,,,,,,,,,,,,,,,,,25042414,15590125,8684976,1918963,,70.37,43.81,24.4,5.39,23.89,16.8,2.405,1.362,5819.495,,276.045,3.94,,,26.664,,61.15,0.581,35588996
AIA,North America,Anguilla,12/4/2023,3904,0,0,12,245890.282,0,755.81,0,,,,,,,,,,,,,,,,,,,,,,,,,,,,,,,,,,,,,,,81.88,,15877
ATG,North America,Antigua and Barbuda,12/4/2023,9106,0,0,146,97107.879,0,1556.968,0,,,,,,,,,,,,,,,,,,,,,,,,,,,231.845,32.1,6.933,4.631,21490.943,,191.511,13.17,,,,3.8,77.02,0.778,93772
ARG,South America,Argentina,14-04-23,10044957,0,0,130472,220718.205,0,2866.866,0,,,,,,,,,,,,,,,,,,115337304,41486157,34868338,36153506,8709,253.43,91.16,76.62,79.44,16.177,31.9,11.198,7.441,18933.907,0.6,191.032,5.5,16.2,27.7,,5,76.67,0.845,45510324
ARM,Asia,Armenia,12/4/2023,448707,0,0,8743,161377.996,0,3144.43,0,,,,,,,,,,,,,,,,,,,,,,,,,,,102.931,35.7,11.232,7.571,8787.58,1.8,341.01,7.11,1.5,52.1,94.043,4.2,75.09,0.776,2780472
ABW,North America,Aruba,14-04-23,44114,0,0,287,414375.487,0,2695.874,0,,,,,,,,,,,,,,,,,,174621,90390,84231,,12,164.03,84.91,79.12,,584.8,41.2,13.085,7.452,35973.781,,,11.62,,,,,76.29,,106459
OWID_ASI,,Asia,15-04-23,295846519,0,20616.429,1628478,62660.982,0,344.915,0,,,,,,,,,,,,,,,,,,9003295549,3667468969,3437620543,1788334368,36750,190.69,77.68,72.81,37.88,,,,,,,,,,,,,,,4721383370
AUS,Oceania,Australia,13-04-23,11153745,0,0,19906,426082.832,0,760.427,0,42,1.604,1943,74.224,,,,,,,,,,,,,,,,,,,,,,,3.202,37.9,15.504,10.129,44648.71,0.5,107.791,5.07,13,16.5,,3.84,83.44,0.944,26177410
AUT,Europe,Austria,15-04-23,6046956,677,1286.429,22183,676422.267,75.73,2481.426,0,34,3.803,617,69.019,,,,,,,,,,,,,,,,,,,,,,,106.749,44.4,19.202,13.748,45436.686,0.7,145.183,6.35,28.4,30.9,,7.37,81.54,0.922,8939617
AZE,Asia,Azerbaijan,12/4/2023,830367,0,58.857,10197,80166.127,0,984.449,0,,,,,,,,,,,,,,,,,,,,,,,,,,,119.309,32.4,6.018,3.871,15847.419,,559.812,7.11,0.3,42.5,83.241,4.7,73,0.756,10358078
BHS,North America,Bahamas,12/4/2023,37491,0,0,833,91443.917,0,2031.762,0,,,,,,,,,,,,,,,,,,,,,,,,,,,39.497,34.3,8.996,5.2,27717.847,,235.954,13.17,3.1,20.4,,2.9,73.92,0.814,409989
BHR,Asia,Bahrain,12/4/2023,696614,0,0,1536,473167.024,0,1043.31,0,,,,,,,,,,,,,,,,,,,,,,,,,,,1935.907,32.4,2.372,1.387,43290.705,,151.689,16.52,5.8,37.6,,2,77.29,0.852,1472237
BGD,Asia,Bangladesh,13-04-23,2038091,0,4.286,29446,11905.685,0,172.011,0,,,,,,,,,,,,,,,,,,357976210,151318723,139775074,67463955,76144,209.11,88.39,81.65,39.41,1265.036,27.5,5.098,3.262,3523.984,14.8,298.003,8.38,1,44.7,34.808,0.8,72.59,0.632,171186368
BRB,North America,Barbados,12/4/2023,107332,0,0,582,381088.317,0,2066.424,0,,,,,,,,,,,,,,,,,,,,,,,,,,,664.463,39.8,14.952,9.473,16978.068,,170.05,13.57,1.9,14.5,88.469,5.8,79.19,0.814,281646
BLR,Europe,Belarus,12/4/2023,994037,0,0,7118,104251.871,0,746.516,0,,,,,,,,,,,,,,,,,,,,,,,,,,,46.858,40.3,14.799,9.788,17167.967,,443.129,5.18,10.5,46.1,,11,74.79,0.823,9534956
BEL,Europe,Belgium,12/4/2023,4782863,0,81.857,34115,410337.56,0,2926.838,0,78,6.692,1312,112.561,,,586,50.275,,,,,,,,,,29630914,9266250,9168591,11626756,30,254.21,79.5,78.66,99.75,375.564,41.8,18.571,12.849,42658.576,0.2,114.898,4.29,25.1,31.4,,5.64,81.63,0.931,11655923
BLZ,North America,Belize,12/4/2023,70782,0,0,688,174647.47,0,1697.571,0,,,,,,,,,,,,,,,,,,,,,,,,,,,16.426,25,3.853,2.279,7824.362,,176.957,17.11,,,90.083,1.3,74.62,0.716,405285
BEN,Africa,Benin,12/4/2023,28014,0,0,163,2097.977,0,12.207,0,,,,,,,,,,,,,,,,,,,,,,,,,,,99.11,18.8,3.244,1.942,2064.236,49.6,235.848,0.99,0.6,12.3,11.035,0.5,61.77,0.545,13352864
BMU,North America,Bermuda,12/4/2023,18860,0,1.571,165,293737.443,0,2569.813,0,,,,,,,,,,,,,,,,,,,,,,,,,,,1308.82,,,,50669.315,,139.547,13,,,,,82.59,,64207
BTN,Asia,Bhutan,12/4/2023,62650,0,0.143,21,80068.298,0,26.839,0,,,,,,,,,,,,,,,,,,,,,,,,,,,21.188,28.6,4.885,2.977,8708.597,1.5,217.066,9.75,,,79.807,1.7,71.78,0.654,782457
BOL,South America,Bolivia,12/4/2023,1195880,0,0,22374,97829.585,0,1830.317,0,,,,,,,,,,,,,,,,,,,,,,,,,,,10.202,25.4,6.704,4.393,6885.829,7.1,204.299,6.89,,,25.383,1.1,71.51,0.718,12224114
BES,North America,Bonaire Sint Eustatius and Saba,12/4/2023,11885,0,0,41,439339.051,0,1515.6,0,,,,,,,,,,,,,,,,,,,,,,,,,,,,,,,,,,,,,,,77.79,,27052
BIH,Europe,Bosnia and Herzegovina,12/4/2023,402636,0,5.857,16328,124519.024,0,5049.59,0,,,,,,,,,,,,,,,,,,,,,,,,,,,68.496,42.5,16.569,10.711,11713.895,0.2,329.635,10.08,30.2,47.7,97.164,3.5,77.4,0.78,3233530
BWA,Africa,Botswana,12/4/2023,329837,0,0,2795,125399.004,0,1062.616,0,,,,,,,,,,,,,,,,,,3171667,1949782,1659686,506383,,120.58,74.13,63.1,19.25,4.044,25.8,3.941,2.242,15807.374,,237.372,4.81,5.7,34.4,,1.8,69.59,0.735,2630300
BRA,South America,Brazil,12/4/2023,37319254,60591,8655.857,700556,173325.19,281.408,3253.656,1.472,,,,,,,,,,,,,,,,,,,,,,,,,,,25.04,33.5,8.552,5.06,14103.452,3.4,177.961,8.11,10.1,17.9,,2.2,75.88,0.765,215313504
VGB,North America,British Virgin Islands,12/4/2023,7305,0,0,64,233148.219,0,2042.64,0,,,,,,,,,,,,,,,,,,,,,,,,,,,207.973,,,,,,,13.67,,,,,79.07,,31332
BRN,Asia,Brunei,12/4/2023,284632,0,0,153,633921.452,0,340.756,0,,,,,,,,,,,,,,,,,,,,,,,,,,,81.347,32.4,4.591,2.382,71809.251,,201.285,12.79,2,30.9,,2.7,75.86,0.838,449002
BGR,Europe,Bulgaria,15-04-23,1301475,248,140.714,38282,191902.63,36.568,5644.685,0,38,5.603,340,50.133,,,,,,,,,,,,,,4611374,,2076903,,2,67.99,,30.62,,65.18,44.7,20.801,13.272,18563.307,1.5,424.688,5.81,30.1,44.4,,7.454,75.05,0.816,6781955
BFA,Africa,Burkina Faso,12/4/2023,22056,0,0,396,972.754,0,17.465,0,,,,,,,,,,,,,,,,,,,,,,,,,,,70.151,17.6,2.409,1.358,1703.102,43.7,269.048,2.42,1.6,23.9,11.877,0.4,61.58,0.452,22673764
BDI,Africa,Burundi,12/4/2023,53719,0,1.857,15,4167.629,0,1.164,0,,,,,,,,,,,,,,,,,,36281,34323,33734,301,,0.28,0.27,0.26,0,423.062,17.5,2.562,1.504,702.225,71.7,293.068,6.05,,,6.144,0.8,61.58,0.433,12889583
KHM,Asia,Cambodia,12/4/2023,138726,0,0,3056,8273.332,0,182.254,0,,,,,,,,,,,,,,,,,,,,,,,,,,,90.672,25.6,4.412,2.385,3645.07,,270.892,4,2,33.7,66.229,0.8,69.82,0.594,16767851
CMR,Africa,Cameroon,12/4/2023,124834,0,0,1970,4472.006,0,70.573,0,,,,,,,,,,,,,,,,,,4548943,3615939,3073226,623872,,16.3,12.95,11.01,2.23,50.885,18.8,3.165,1.919,3364.926,23.8,244.661,7.2,,,2.735,1.3,59.29,0.563,27914542
CAN,North America,Canada,12/4/2023,4634277,0,0,52121,120513.795,0,1355.4,0,153,3.979,3268,84.984,,,,,,,,,,,,,,,,,,,,,,,4.037,41.4,16.984,10.797,44017.591,0.5,105.599,7.37,12,16.6,,2.5,82.43,0.929,38454328
CPV,Africa,Cape Verde,12/4/2023,63281,0,0.429,413,106684.177,0,696.268,0,,,,,,,,,,,,,,,,,,,,,,,,,,,135.58,25.7,4.46,3.437,6222.554,,182.219,2.42,2.1,16.5,,2.1,72.98,0.665,593162
CYM,North America,Cayman Islands,12/4/2023,31472,0,0,37,457961.061,0,538.401,0,,,,,,,,,,,,,,,,,,,,,,,,,,,256.496,,,,49903.029,,,13.22,,,,,83.92,,68722
CAF,Africa,Central African Republic,12/4/2023,15367,0,0,113,2754.363,0,20.254,0,,,,,,,,,,,,,,,,,,,,,,,,,,,7.479,18.3,3.655,2.251,661.24,,435.727,6.1,,,16.603,1,53.28,0.397,5579148
TCD,Africa,Chad,12/4/2023,7696,0,0.143,194,434.23,0,10.946,0,,,,,,,,,,,,,,,,,,8543941,6254729,6127422,4042573,,48.21,35.29,34.57,22.81,11.833,16.7,2.486,1.446,1768.153,38.4,280.995,6.1,,,5.818,,54.24,0.398,17723312
CHL,South America,Chile,14-04-23,5272767,8437,1205.286,64497,268967.456,430.377,3290.036,0,75,3.826,,,,,,,,,,,,,,,,,,,,,,,,,24.282,35.4,11.087,6.938,22767.037,1.3,127.993,8.46,34.2,41.5,,2.11,80.18,0.851,19603736
CHN,Asia,China,12/4/2023,99239252,112,95.143,120905,69598.241,0.079,84.793,0,,,,,,,,,,,,,,,,,,,,,,,,,,,147.674,38.7,10.641,5.929,15308.712,0.7,261.899,9.74,1.9,48.4,,4.34,76.91,0.761,1425887360
COL,South America,Colombia,12/4/2023,6363058,746,106.571,142690,122663.657,14.381,2750.702,0.231,,,,,,,,,,,,,,,,,,90506612,43012174,37019801,14792792,,174.47,82.92,71.36,28.52,44.223,32.2,7.646,4.312,13254.949,4.5,124.24,7.44,4.7,13.5,65.386,1.71,77.29,0.767,51874028
COM,Africa,Comoros,12/4/2023,9093,0,0.286,160,10866.617,0,191.208,0,,,,,,,,,,,,,,,,,,,,,,,,,,,437.352,20.4,2.963,1.726,1413.89,18.1,261.516,11.88,4.4,23.6,15.574,2.2,64.32,0.554,836783
COG,Africa,Congo,12/4/2023,25185,0,1.429,389,4218.289,0,65.154,0,,,,,,,,,,,,,,,,,,,,,,,,,,,15.405,19,3.402,2.063,4881.406,37,344.094,7.2,1.7,52.3,47.964,,64.57,0.574,5970430
COK,Oceania,Cook Islands,12/4/2023,7042,0,0,2,413457.022,0,117.426,0,,,,,,,,,,,,,,,,,,,,,,,,,,,,,,,,,,,,,,,76.25,,17032
CRI,North America,Costa Rica,12/4/2023,1226315,0,9.571,9326,236702.146,0,1800.096,0,,,,,,,,,,,,,,,,,,13066850,4630486,4343794,2915954,,252.22,89.38,83.84,56.28,96.079,33.6,9.468,5.694,15524.995,1.3,137.973,8.78,6.4,17.4,83.841,1.13,80.28,0.81,5180836
CIV,Africa,Cote d'Ivoire,12/4/2023,88308,0,0.571,834,3135.876,0,29.616,0,,,,,,,,,,,,,,,,,,,,,,,,,,,76.399,18.7,2.933,1.582,3601.006,28.2,303.74,2.42,,,19.351,,57.78,0.538,28160548
HRV,Europe,Croatia,12/4/2023,1271276,385,55,18091,315424.847,95.525,4488.68,5.459,,,,,,,,,,,,,,,,,,5361245,2321402,2321402,,,133.02,57.6,57.6,,73.726,44,19.724,13.053,22669.797,0.7,253.782,5.59,34.3,39.9,,5.54,78.49,0.851,4030361
CUB,North America,Cuba,13-04-23,1112853,0,4,8530,99253.777,0,760.779,0,,,,,,,,,,,,,,,,,,43942048,10733992,10012063,8717036,16766,391.91,95.73,89.3,77.75,110.408,43.1,14.738,9.719,,,190.968,8.27,17.1,53.3,85.198,5.2,78.8,0.783,11212198
CUW,North America,Curacao,12/4/2023,45798,0,0,301,239563.118,0,1574.49,0,,,,,,,,,,,,,,,,,,,,,,,,,,,362.644,41.7,16.367,10.068,,,,11.62,,,,,78.88,,191173
CYP,Europe,Cyprus,12/4/2023,655664,0,0,1349,731762.14,0,1505.569,0,,,,,,,,,,,,,,,,,,,,,,,,,,,127.657,37.3,13.416,8.563,32415.132,,141.171,9.24,19.6,52.7,,3.4,80.98,0.887,896007
CZE,Europe,Czechia,15-04-23,4636282,0,132.571,42702,441803.547,0,4069.186,0,20,1.906,289,27.54,29,2.763,397,37.831,,,,,,,,,,18623361,6976353,6892982,5165294,10,177.47,66.48,65.69,49.22,137.176,43.3,19.027,11.58,32605.906,,227.485,6.82,30.5,38.3,,6.63,79.38,0.9,10493990
COD,Africa,Democratic Republic of Congo,12/4/2023,95944,0,0,1464,969.031,0,14.786,0,,,,,,,,,,,,,,,,,,15574105,14629322,12144756,,,15.73,14.78,12.27,,35.879,17,3.02,1.745,808.133,77.1,318.949,6.1,,,4.472,,60.68,0.48,99010216
DNK,Europe,Denmark,12/4/2023,3409630,0,63,8420,579646.357,0,1431.423,0,9,1.53,404,68.681,,,446,75.821,,,,,,,,,,,,,,,,,,,136.52,42.3,19.677,12.325,46682.515,0.2,114.767,6.41,19.3,18.8,,2.5,80.9,0.94,5882259
DJI,Africa,Djibouti,12/4/2023,15690,0,0,189,13998.292,0,168.622,0,,,,,,,,,,,,,,,,,,391203,370577,350212,,,34.9,33.06,31.25,,41.285,25.4,4.213,2.38,2705.406,22.5,258.037,6.05,1.7,24.5,,1.4,67.11,0.524,1120851
DMA,North America,Dominica,12/4/2023,15760,0,0,74,216608.483,0,1017.07,0,,,,,,,,,,,,,,,,,,,,,,,,,,,98.567,,,,9673.367,,227.376,11.62,,,,3.8,75,0.742,72758
DOM,North America,Dominican Republic,12/4/2023,660937,0,0,4384,58860.766,0,390.424,0,,,,,,,,,,,,,,,,,,16276778,7316383,6089859,2546582,,144.96,65.16,54.23,22.68,222.873,27.6,6.981,4.419,14600.861,1.6,266.653,8.2,8.5,19.1,55.182,1.6,74.08,0.756,11228821
ECU,South America,Ecuador,12/4/2023,1059529,0,0,36017,58859.446,0,2000.833,0,,,,,,,,,,,,,,,,,,,,,,,,,,,66.939,28.1,7.104,4.458,10581.936,3.6,140.448,5.55,2,12.3,80.635,1.5,77.01,0.759,18001002
EGY,Africa,Egypt,12/4/2023,515913,0,4.429,24823,4648.28,0,223.651,0,,,,,,,,,,,,,,,,,,111558825,56515721,42058910,14751763,,100.51,50.92,37.89,13.29,97.999,25.3,5.159,2.891,10550.206,1.3,525.432,17.31,0.2,50.1,89.827,1.6,71.99,0.707,110990096
SLV,North America,El Salvador,12/4/2023,201785,0,0,4230,31845.405,0,667.572,0,,,,,,,,,,,,,,,,,,,,,,,,,,,307.811,27.6,8.273,5.417,7292.458,2.2,167.295,8.87,2.5,18.8,90.65,1.3,73.32,0.673,6336393
OWID_ENG,Europe,England,12/4/2023,,,,,,,,,135,2.387,6428,113.669,,,4556,80.566,,,,,,,,,,144793337,45417090,42951064,64126029,46,256.04,80.31,75.95,113.4,,,,,,,,,,,,,,,56550000
GNQ,Africa,Equatorial Guinea,12/4/2023,17130,0,0,183,10227.379,0,109.259,0,,,,,,,,,,,,,,,,,,,,,,,,,,,45.194,22.4,2.846,1.752,22604.873,,202.812,7.78,,,24.64,2.1,58.74,0.592,1674916
ERI,Africa,Eritrea,12/4/2023,10189,0,0,103,2765.713,0,27.958,0,,,,,,,,,,,,,,,,,,,,,,,,,,,44.304,19.3,3.607,2.171,1510.459,,311.11,6.05,0.2,11.4,,0.7,66.32,0.459,3684041
EST,Europe,Estonia,12/4/2023,617247,0,47,2979,465473.009,0,2246.498,0,5,3.771,165,124.428,1,0.751,144,108.876,,,,,,,,,,2111353,869283,861599,600091,36,159.22,65.55,64.97,45.25,31.033,42.7,19.452,13.491,29481.252,0.5,255.569,4.02,24.5,39.3,,4.69,78.74,0.892,1326064
SWZ,Africa,Eswatini,12/4/2023,74520,197,28.143,1425,62013.182,163.937,1185.84,0,,,,,,,,,,,,,,,,,,847910,511632,421222,170071,,70.56,42.58,35.05,14.15,79.492,21.5,3.163,1.845,7738.975,,333.436,3.94,1.7,16.5,24.097,2.1,60.19,0.611,1201680
ETH,Africa,Ethiopia,12/4/2023,500731,0,13.286,7573,4058.448,0,61.38,0,,,,,,,,,,,,,,,,,,,,,,,,,,,104.957,19.8,3.526,2.063,1729.927,26.7,182.634,7.47,0.4,8.5,7.96,0.3,66.6,0.485,123379928
OWID_EUR,,Europe,15-04-23,248182442,0,18924.286,2038559,333216.759,0,2737.027,0,,,,,,,,,,,,,,,,,,1381123679,523094491,499469746,358172629,3736,185.43,70.23,67.06,48.09,,,,,,,,,,,,,,,744807803
OWID_EUN,,European Union,15-04-23,183460522,0,11042,1223760,407557.101,0,2718.58,0,,,,,,,,,,,,,,,,,,940963712,338186067,328241178,278600530,3736,209.03,75.13,72.92,61.89,,,,,,,,,,,,,,,450146793
FRO,Europe,Faeroe Islands,12/4/2023,34658,0,0,28,652484.139,0,527.138,0,,,,,,,,,,,,,,,,,,,,,,,,,,,35.308,,,,,,,,,,,,80.67,,53117
FLK,South America,Falkland Islands,12/4/2023,1923,0,0,,505919.495,0,,0,,,,,,,,,,,,,,,,,,,,,,,,,,,,,,,,,,,,,,,81.44,,3801
FJI,Oceania,Fiji,12/4/2023,68914,0,0,883,74119.486,0,949.698,0,,,,,,,,,,,,,,,,,,1555143,712021,641182,172033,,167.26,76.58,68.96,18.5,49.562,28.6,6.224,3.284,8702.975,1.4,412.82,14.49,10.2,34.8,,2.3,67.44,0.743,929769
FIN,Europe,Finland,12/4/2023,1468123,0,15.429,9097,264968.52,0,1641.837,0,,,,,,,,,,,,,,,,,,13209082,4524428,4347960,4336694,,238.4,81.66,78.47,78.27,18.136,42.8,21.228,13.264,40585.721,,153.507,5.76,18.3,22.6,,3.28,81.91,0.938,5540745
FRA,Europe,France,13-04-23,38791479,1342,7975.429,162176,600239.91,20.765,2509.43,0.433,,,,,,,,,,,,,,,,,,154415832,54669095,53181643,47647439,1541,227.71,80.62,78.42,70.26,122.578,42,19.718,13.079,38605.671,,86.06,4.77,30.1,35.6,,5.98,82.66,0.901,67813000
GUF,South America,French Guiana,12/4/2023,98041,0,0,413,321901.841,0,1356.019,0,,,,,,,,,,,,,,,,,,,,,,,,,,,,25.3,,2.897,,,,,,,,,79.95,,304568
PYF,Oceania,French Polynesia,12/4/2023,78219,0,0,649,255373.957,0,2118.893,0,,,,,,,,,,,,,,,,,,,,,,,,,,,77.324,32.7,7.775,4.593,,,,22.63,,,,,77.66,,306292
GAB,Africa,Gabon,12/4/2023,48981,0,0,306,20502.747,0,128.087,0,,,,,,,,,,,,,,,,,,,,,,,,,,,7.859,23.1,4.45,2.976,16562.413,3.4,259.967,7.2,,,,6.3,66.47,0.703,2388997
GMB,Africa,Gambia,12/4/2023,12622,0,0,372,4664.458,0,137.473,0,,,,,,,,,,,,,,,,,,,,,,,,,,,207.566,17.5,2.339,1.417,1561.767,10.1,331.43,1.91,0.7,31.2,7.876,1.1,62.05,0.496,2705995
GEO,Asia,Georgia,12/4/2023,1836791,0,0,17032,490545.443,0,4548.678,0,,,,,,,,,,,,,,,,,,,,,,,,,,,65.032,38.7,14.864,10.244,9745.079,4.2,496.218,7.11,5.3,55.5,,2.6,73.77,0.812,3744385
DEU,Europe,Germany,15-04-23,38368891,1684,2349.571,171411,460225.077,20.199,2056.031,0,711,8.528,,,464,5.566,3051,36.596,,,,,,,,,,192221468,64876299,63563414,64791434,945,230.56,77.82,76.24,77.72,237.016,46.6,21.453,15.957,45229.245,,156.139,8.31,28.2,33.1,,8,81.33,0.947,83369840
GHA,Africa,Ghana,12/4/2023,171527,0,0,1462,5123.9,0,43.673,0,,,,,,,,,,,,,,,,,,,,,,,,,,,126.719,21.1,3.385,1.948,4227.63,12,298.245,4.97,0.3,7.7,41.047,0.9,64.07,0.611,33475870
GIB,Europe,Gibraltar,12/4/2023,20550,0,0,113,628882.7,0,3458.09,0,,,,,,,,,,,,,,,,,,,,,,,,,,,3457.1,,,,,,,,,,,,79.93,,32677
GRC,Europe,Greece,15-04-23,5972760,0,0,36629,575134.916,0,3527.116,0,,,,,22,2.103,661,63.672,,,,,,,,,,22120079,7934750,7645143,7119102,1,213,76.41,73.62,68.55,83.479,45.3,20.396,14.524,24574.382,1.5,175.695,4.55,35.3,52,,4.21,82.24,0.888,10384972
GRL,North America,Greenland,12/4/2023,11971,0,0,21,211898.609,0,371.721,0,,,,,,,,,,,,,,,,,,,,,,,,,,,0.137,,,,,,199.941,2.16,,,,,71.7,,56494
GRD,North America,Grenada,12/4/2023,19683,0,0,238,156887.908,0,1897.034,0,,,,,,,,,,,,,,,,,,,,,,,,,,,317.132,29.4,7.304,5.021,13593.877,,243.964,10.71,,,,3.7,72.4,0.779,125459
GLP,North America,Guadeloupe,12/4/2023,202163,0,0,1012,510819.634,0,2557.092,0,,,,,,,,,,,,,,,,,,,,,,,,,,,,43.4,,,,,,,,,,,82.14,,395762
GUM,Oceania,Guam,12/4/2023,51017,0,0,415,296985.15,0,2415.839,0,,,,,,,,,,,,,,,,,,,,,,,,,,,304.128,31.4,9.551,5.493,,,310.496,21.52,,,,,80.07,,171783
GTM,North America,Guatemala,12/4/2023,1244812,0,0,20187,69761.152,0,1131.31,0,,,,,,,,,,,,,,,,,,,,,,,,,,,157.834,22.9,4.694,3.016,7423.808,8.7,155.898,10.18,,,76.665,0.6,74.3,0.663,17843914
GGY,Europe,Guernsey,12/4/2023,35235,0,0,67,556380.173,0,1057.967,0,,,,,,,,,,,,,,,,,,,,,,,,,,,,,,,,,,,,,,,,,63329
GIN,Africa,Guinea,12/4/2023,38280,0,0,467,2762.034,0,33.696,0,,,,,,,,,,,,,,,,,,10645240,7679918,4725982,302545,,76.81,55.41,34.1,2.18,51.755,19,3.135,1.733,1998.926,35.3,336.717,2.42,,,17.45,0.3,61.6,0.477,13859349
GNB,Africa,Guinea-Bissau,12/4/2023,9350,0,0,176,4440.582,0,83.587,0,,,,,,,,,,,,,,,,,,600165,579572,382303,53033,,28.5,27.53,18.16,2.52,66.191,19.4,3.002,1.565,1548.675,67.1,382.474,2.42,,,6.403,,58.32,0.48,2105580
GUY,South America,Guyana,12/4/2023,73119,0,0,1298,90412.463,0,1604.992,0,,,,,,,,,,,,,,,,,,,,,,,,,,,3.952,26.3,5.305,2.837,7435.047,,373.159,11.62,,,77.159,1.6,69.91,0.682,808727
HTI,North America,Haiti,12/4/2023,34202,0,0,860,2952.265,0,74.234,0,,,,,,,,,,,,,,,,,,608275,465761,294528,,,5.25,4.02,2.54,,398.448,24.3,4.8,2.954,1653.173,23.5,430.548,6.65,2.9,23.1,22.863,0.7,64,0.51,11585003
OWID_HIC,,High income,15-04-23,418961061,0,26824.714,2850794,335030.923,0,2279.697,0,,,,,,,,,,,,,,,,,,2810208998,998721191,935254516,828432491,22497,224.72,79.86,74.79,66.25,,,,,,,,,,,,,,,1250514600
HND,North America,Honduras,12/4/2023,472467,0,0,11111,45286.44,0,1065.001,0,,,,,,,,,,,,,,,,,,,,,,,,,,,82.805,24.9,4.652,2.883,4541.795,16,240.208,7.21,2,,84.169,0.7,75.27,0.634,10432858
HKG,Asia,Hong Kong,9/4/2023,,,,,,,,,,,,,,,,,,,,,,,,,,20752868,6915011,6798633,7039224,414,277.12,92.34,90.78,94,7039.714,44.8,16.303,10.158,56054.92,,,8.33,,,,,84.86,0.949,7488863
HUN,Europe,Hungary,12/4/2023,2199764,0,0,48719,220697.994,0,4887.881,0,,,,,7,0.722,67,6.709,,,,,,,,,,,,,,,,,,,108.043,43.4,18.577,11.976,26777.561,0.5,278.296,7.55,26.8,34.8,,7.02,76.88,0.854,9967304
ISL,Europe,Iceland,12/4/2023,209191,0,0,260,560979.665,0,697.232,0,,,,,,,8,21.263,,,,,,,,,,,,,,,,,,,3.404,37.3,14.431,9.207,46482.958,0.2,117.992,5.31,14.3,15.2,,2.91,82.99,0.949,372903
IND,Asia,India,15-04-23,44768172,5676,5555.429,531000,31589.769,4.005,374.69,0.015,,,,,,,,,,,,,,,,,,2206598272,1027402322,951964954,227230996,596,155.7,72.5,67.17,16.03,450.419,28.2,5.989,3.414,6426.674,21.2,282.28,10.39,1.9,20.6,59.55,0.53,69.66,0.645,1417173120
IDN,Asia,Indonesia,12/4/2023,6752606,944,614,161071,24510.247,3.426,584.647,0.051,,,,,,,,,,,,,,,,,,,,,,,,,,,145.725,29.3,5.319,3.053,11188.744,5.7,342.864,6.32,2.8,76.1,64.204,1.04,71.72,0.718,275501344
IRN,Asia,Iran,12/4/2023,7597982,884,1348.857,145571,85803.876,9.983,1643.931,0.418,,,,,,,,,,,,,,,,,,,,,,,,,,,49.831,32.4,5.44,3.182,19082.62,0.2,270.308,9.59,0.8,21.1,,1.5,76.68,0.783,88550568
IRQ,Asia,Iraq,12/4/2023,2465545,0,0,25375,55410.332,0,570.274,0,,,,,,,,,,,,,,,,,,,,,,,,,,,88.125,20,3.186,1.957,15663.986,2.5,218.612,8.83,,,94.576,1.4,70.6,0.674,44496124
IRL,Europe,Ireland,12/4/2023,1708435,183,138.429,8782,340115.124,36.432,1748.32,3.783,3,0.597,367,73.062,1,0.198,250,49.802,,,,,,,,,,,,,,,,,,,69.874,38.7,13.928,8.678,67335.293,0.2,126.459,3.28,23,25.7,,2.96,82.3,0.955,5023108
IMN,Europe,Isle of Man,12/4/2023,38008,0,0,116,449617.905,0,1372.229,0,,,,,,,,,,,,,,,,,,,,,,,,,,,147.872,,,,,,,,,,,,81.4,,84534
ISR,Asia,Israel,15-04-23,4817255,333,274.286,12416,509816.383,35.242,1314.001,0,20,2.117,369,39.052,11,1.164,187,19.79,,,,,,,,,,18647708,6722990,6159636,5765082,1,197.35,71.15,65.19,61.01,402.606,30.6,11.733,7.359,33132.32,0.5,93.32,6.74,15.4,35.4,,2.99,82.97,0.919,9449000
ITA,Europe,Italy,15-04-23,25715384,2877,2867.571,189262,435577.323,48.732,3205.794,0.186,83,1.406,2717,46.022,47,0.796,1078,18.26,,,,,,,,,,143840732,50891177,47972040,46995821,155,243.64,86.2,81.26,79.6,205.859,47.9,23.021,16.24,35220.084,2,113.151,4.78,19.8,27.8,,3.18,83.51,0.892,59037472
JAM,North America,Jamaica,12/4/2023,154602,0,0,3529,54680.266,0,1248.151,0,,,,,,,,,,,,,,,,,,1522173,854889,755392,45963,,53.84,30.24,26.72,1.63,266.879,31.4,9.684,6.39,8193.571,,206.537,11.28,5.3,28.6,66.425,1.7,74.47,0.734,2827382
JPN,Asia,Japan,12/4/2023,33523927,7079,7825.429,74096,270459.607,57.111,597.781,0.121,177,1.428,3637,29.342,,,,,,,,,,,,,,383464754,104696356,103368798,175399600,3868,309.37,84.47,83.39,141.51,347.778,48.2,27.049,18.493,39002.223,,79.37,5.72,11.2,33.7,,13.05,84.63,0.919,123951696
JEY,Europe,Jersey,12/4/2023,66391,0,0,161,599218.383,0,1453.121,0,,,,,,,,,,,,,,,,,,,,,,,,,,,,,,,,,,,,,,,,,110796
JOR,Asia,Jordan,12/4/2023,1746997,0,0,14122,154794.998,0,1251.299,0,,,,,,,,,,,,,,,,,,,,,,,,,,,109.285,23.2,3.81,2.361,8337.49,0.1,208.257,11.75,,,,1.4,74.53,0.729,11285875
KAZ,Asia,Kazakhstan,12/4/2023,1501450,0,48.571,19072,77402.317,0,983.194,0,,,,,,,,,,,,,,,,,,,,,,,,,,,6.681,30.6,6.991,4.625,24055.588,0.1,466.792,7.11,7,43.1,98.999,6.7,73.6,0.825,19397998
KEN,Africa,Kenya,12/4/2023,342992,0,1.286,5688,6348.473,0,105.28,0,,,,,,,,,,,,,,,,,,23750431,14494372,11090440,2000636,,43.96,26.83,20.53,3.7,87.324,20,2.686,1.528,2993.028,36.8,218.637,2.92,1.2,20.4,24.651,1.4,66.7,0.601,54027484
KIR,Oceania,Kiribati,12/4/2023,5014,0,0,18,38205.689,0,137.156,0,,,,,,,,,,,,,,,,,,,,,,,,,,,143.701,23.2,3.895,2.21,1981.132,,434.657,22.66,35.9,58.9,,1.9,68.37,0.63,131237
OWID_KOS,Europe,Kosovo,12/4/2023,273764,0,8.286,3205,153617.471,0,1798.425,0,,,,,,,,,,,,,,,,,,,,,,,,,,,168.155,,,,9795.834,0.6,,,,,,,,,1782115
KWT,Asia,Kuwait,12/4/2023,665527,141,20.143,2570,155901.797,33.03,602.031,0,,,,,,,,,,,,,,,,,,8259575,3456716,3345363,1457496,,193.48,80.97,78.37,34.14,232.128,33.7,2.345,1.114,65530.537,,132.235,15.84,2.7,37,,2,75.49,0.806,4268886
KGZ,Asia,Kyrgyzstan,15-04-23,206849,0,2.429,2991,31196.022,0,451.089,0,,,,,,,,,,,,,,,,,,3460810,1665980,1377827,,132,52.19,25.13,20.78,,32.333,26.3,4.489,2.882,3393.474,1.4,436.362,7.11,3.6,50.5,89.22,4.5,71.45,0.697,6630621
LAO,Asia,Laos,12/4/2023,218037,0,0,671,28957.788,0,89.116,0,,,,,,,,,,,,,,,,,,,,,,,,,,,29.715,24.4,4.029,2.322,6397.36,22.7,368.111,4,7.3,51.2,49.839,1.5,67.92,0.613,7529477
LVA,Europe,Latvia,12/4/2023,977172,0,20.286,6319,528014.421,0,3414.469,0,2,1.081,,,9,4.798,153,82.633,,,,,,,,,,,,,,,,,,,31.212,43.9,19.754,14.136,25063.846,0.7,350.06,4.91,25.6,51,,5.57,75.29,0.866,1850654
LBN,Asia,Lebanon,12/4/2023,1235177,112,82,10874,224997.195,20.402,1980.785,0,,,,,,,,,,,,,,,,,,,,,,,,,,,594.561,31.1,8.514,5.43,13367.565,,266.591,12.71,26.9,40.7,,2.9,78.93,0.744,5489744
LSO,Africa,Lesotho,12/4/2023,34490,0,0,706,14957.764,0,306.181,0,,,,,,,,,,,,,,,,,,,,,,,,,,,73.562,22.2,4.506,2.647,2851.153,59.6,405.126,3.94,0.4,53.9,2.117,,54.33,0.527,2305826
LBR,Africa,Liberia,12/4/2023,8090,0,0,294,1525.641,0,55.444,0,,,,,,,,,,,,,,,,,,,,,,,,,,,49.127,19.2,3.057,1.756,752.788,38.6,272.509,2.42,1.5,18.1,1.188,0.8,64.1,0.48,5302690
LBY,Africa,Libya,12/4/2023,507229,0,3.286,6437,74457.338,0,944.902,0,,,,,,,,,,,,,,,,,,,,,,,,,,,3.623,29,4.424,2.816,17881.509,,341.862,10.43,,,,3.7,72.91,0.724,6812344
LIE,Europe,Liechtenstein,12/4/2023,21460,0,0,87,545292.847,0,2210.647,0,,,,,,,,,,,,,,,,,,74314,26770,26466,22073,,188.83,68.02,67.25,56.09,237.012,,,,,,,7.77,,,,2.397,82.49,0.919,39355
LTU,Europe,Lithuania,14-04-23,1316086,0,103.286,9647,478566.634,0,3507.926,0,,,93,33.817,2,0.713,,,,,,,,,,,,4545584,1957082,1880428,944258,37,165.29,71.17,68.38,34.34,45.135,43.5,19.002,13.778,29524.265,0.7,342.989,3.67,21.3,38,,6.56,75.93,0.882,2750058
OWID_LIC,,Low income,12/4/2023,2291726,0,101.286,47888,3106.983,0,64.924,0,,,,,,,,,,,,,,,,,,291746710,216167256,183265679,22964495,30712,39.55,29.31,24.85,3.11,,,,,,,,,,,,,,,737604900
OWID_LMC,,Lower middle income,15-04-23,97087190,0,6431.143,1340036,28288.006,0,390.442,0,,,,,,,,,,,,,,,,,,4853799653,2251472288,2020192437,648625844,102891,141.42,65.6,58.86,18.9,,,,,,,,,,,,,,,3432097300
LUX,Europe,Luxembourg,12/4/2023,319959,0,0,1232,494068.107,0,1902.406,0,,,,,,,,,,,,,,,,,,,,,,,,,,,231.447,39.7,14.312,9.842,94277.965,0.2,128.275,4.42,20.9,26,,4.51,82.25,0.916,647601
MAC,Asia,Macao,13-04-23,,,,,,,,,,,,,,,,,,,,,,,,,,1802985,679703,642266,481016,,259.36,97.77,92.39,69.19,20546.766,39.2,9.798,4.991,104861.851,,,,,,,,84.24,,695180
MDG,Africa,Madagascar,12/4/2023,68105,0,0,1424,2299.934,0,48.089,0,,,,,,,,,,,,,,,,,,2820301,2502027,2423671,140832,,9.52,8.45,8.18,0.48,43.951,19.6,2.929,1.686,1416.44,77.6,405.994,3.94,,,50.54,0.2,67.04,0.528,29611718
MWI,Africa,Malawi,12/4/2023,88620,0,0,2686,4342.985,0,131.632,0,,,,,,,,,,,,,,,,,,7540975,4805678,3771031,960840,,36.96,23.55,18.48,4.71,197.519,18.1,2.979,1.783,1095.042,71.4,227.349,3.94,4.4,24.7,8.704,1.3,64.26,0.483,20405318
MYS,Asia,Malaysia,15-04-23,5052337,0,0,36982,148868.668,0,1089.686,0,10,0.295,268,7.897,,,656,19.329,,,,,,,,,,72608377,28133829,27547048,17145703,319,213.94,82.9,81.17,50.52,96.254,29.9,6.293,3.407,26808.164,0.1,260.942,16.74,1,42.4,,1.9,76.16,0.81,33938216
MDV,Asia,Maldives,12/4/2023,185894,0,12,311,354896.353,0,593.74,0,,,,,,,,,,,,,,,,,,,,,,,,,,,1454.433,30.6,4.12,2.875,15183.616,,164.905,9.19,2.1,55,95.803,,78.92,0.74,523798
MLI,Africa,Mali,12/4/2023,33133,0,2.143,743,1466.477,0,32.885,0,,,,,,,,,,,,,,,,,,5761850,4258032,3511503,,,25.5,18.85,15.54,,15.196,16.4,2.519,1.486,2014.306,,268.024,2.42,1.6,23,52.232,0.1,59.31,0.434,22593598
MLT,Europe,Malta,12/4/2023,118214,0,11.571,833,221668.014,0,1561.993,0,1,1.875,,,,,16,30.712,,,,,,,,,,1380773,478770,471506,464878,,258.91,89.78,88.41,87.17,1454.037,42.4,19.426,11.324,36513.323,0.2,168.711,8.83,20.9,30.2,,4.485,82.53,0.895,533293
MHL,Oceania,Marshall Islands,12/4/2023,16013,0,0,17,384992.667,0,408.723,0,,,,,,,,,,,,,,,,,,,,,,,,,,,295.15,,,,3819.202,,557.793,30.53,,,82.502,2.7,73.7,0.704,41593
MTQ,North America,Martinique,12/4/2023,229479,0,0,1095,624412.264,0,2979.495,0,,,,,,,,,,,,,,,,,,,,,,,,,,,,45.7,,12.543,,,,,,,,,82.54,,367512
MRT,Africa,Mauritania,12/4/2023,63562,0,0,997,13420.617,0,210.509,0,,,,,,,,,,,,,,,,,,4068530,2100725,1537866,383479,,85.9,44.36,32.47,8.1,4.289,20.3,3.138,1.792,3597.633,6,232.347,2.42,,,15.95,,64.92,0.546,4736146
MUS,Africa,Mauritius,12/4/2023,298099,0,0,1044,229399.036,0,803.4,0,,,,,,,,,,,,,,,,,,2614763,1123773,1088142,640233,,201.22,86.48,83.74,49.27,622.962,37.4,10.945,5.884,20292.745,0.5,224.644,22.02,3.2,40.7,,3.4,74.99,0.804,1299478
MYT,Africa,Mayotte,12/4/2023,42008,0,0,187,128814.245,0,573.421,0,,,,,,,,,,,,,,,,,,,,,,,,,,,,20.1,,2.411,,,,,,,,,79.46,,326113
MEX,North America,Mexico,12/4/2023,7553646,6072,867.429,333596,59242.368,47.622,2616.355,0.251,,,,,,,,,,,,,,,,,,,,,,,,,,,66.444,29.3,6.857,4.321,17336.469,2.5,152.783,13.06,6.9,21.4,87.847,1.38,75.05,0.779,127504120
FSM,Oceania,Micronesia (country),12/4/2023,25703,0,0,63,225113.419,0,551.77,0,,,,,,,,,,,,,,,,,,,,,,,,,,,150.777,23,4.81,2.392,3299.464,16,454.343,12.02,,,,,67.88,0.62,114178
MDA,Europe,Moldova,12/4/2023,618741,0,0,12086,189044.401,0,3692.645,0,,,,,,,,,,,,,,,,,,,,,,,,,,,123.655,37.6,10.864,6.955,5189.972,0.2,408.502,5.72,5.9,44.6,86.979,5.8,71.9,0.75,3272993
MCO,Europe,Monaco,12/4/2023,16178,0,0,67,443342.194,0,1836.069,0,,,,,,,,,,,,,,,,,,,,,,,,,,,19347.5,,,,,,,5.46,,,,13.8,86.75,,36491
MNG,Asia,Mongolia,12/4/2023,1007943,0,0,2136,296595.753,0,628.536,0,,,,,,,,,,,,,,,,,,,,,,,,,,,1.98,28.6,4.031,2.421,11840.846,0.5,460.043,4.82,5.5,46.5,71.18,7,69.87,0.737,3398373
MNE,Europe,Montenegro,12/4/2023,289292,0,0,2808,461330.416,0,4477.883,0,,,,,,,,,,,,,,,,,,,,,,,,,,,46.28,39.1,14.762,9.395,16409.288,1,387.305,10.08,44,47.9,,3.861,76.88,0.829,627082
MSR,North America,Montserrat,12/4/2023,1403,0,0,8,317924.315,0,1812.826,0,,,,,,,,,,,,,,,,,,,,,,,,,,,,,,,,,,,,,,,74.16,,4413
MAR,Africa,Morocco,12/4/2023,1272733,0,7.714,16296,33977.623,0,435.048,0,,,,,,,,,,,,,,,,,,55387241,25019798,23521517,6882931,,147.87,66.79,62.79,18.38,80.08,29.6,6.769,4.209,7485.013,1,419.146,7.14,0.8,47.1,,1.1,76.68,0.686,37457976
MOZ,Africa,Mozambique,12/4/2023,233334,0,0,2242,7077.264,0,68.002,0,,,,,,,,,,,,,,,,,,29457535,18647673,18473865,1245054,,89.35,56.56,56.03,3.78,37.728,17.7,3.158,1.87,1136.103,62.9,329.942,3.3,5.1,29.1,12.227,0.7,60.85,0.456,32969520
MMR,Asia,Myanmar,12/4/2023,634105,0,2.571,19490,11703.822,0,359.731,0,,,,,,,,,,,,,,,,,,,,,,,,,,,81.721,29.1,5.732,3.12,5591.597,6.4,202.104,4.61,6.3,35.2,79.287,0.9,67.13,0.583,54179312
NAM,Africa,Namibia,12/4/2023,171222,0,0,4090,66700.584,0,1593.285,0,,,,,,,,,,,,,,,,,,988027,831212,537147,294922,,38.49,32.38,20.92,11.49,3.078,22,3.552,2.085,9541.808,13.4,243.811,3.94,9.7,34.2,44.6,,63.71,0.646,2567024
NRU,Oceania,Nauru,12/4/2023,5393,0,0,1,424946.813,0,78.796,0,,,,,,,,,,,,,,,,,,,,,,,,,,,682.45,,,,12895.635,,,24.07,43,36.9,,5,59.96,,12691
NPL,Asia,Nepal,12/4/2023,1001951,0,49.429,12021,32799.679,0,393.517,0,,,,,,,,,,,,,,,,,,61476637,27774365,24331076,9371196,,201.25,90.92,79.65,30.68,204.43,25,5.809,3.212,2442.804,15,260.797,7.26,9.5,37.8,47.782,0.3,70.78,0.602,30547586
NLD,Europe,Netherlands,14-04-23,8610372,0,0,22992,490227.864,0,1309.04,0,27,1.537,413,23.514,19,1.082,630,35.869,,,,,,,,,,,,,,,,,,,508.544,43.2,18.779,11.881,48472.545,,109.361,5.29,24.4,27.3,,3.32,82.28,0.944,17564020
NCL,Oceania,New Caledonia,12/4/2023,80052,0,0,314,276080.411,0,1082.912,0,,,,,,,,,,,,,,,,,,480497,192371,184801,103325,,165.71,66.34,63.73,35.63,15.342,33.4,9.954,6.489,,,,23.36,,,,,77.55,,289959
NZL,Oceania,New Zealand,12/4/2023,2217047,0,0,2687,427564.79,0,518.197,0,,,,,,,,,,,,,,,,,,12052315,4301605,4182631,3568079,19733,232.43,82.96,80.66,68.81,18.206,37.9,15.322,9.72,36085.843,,128.797,8.08,14.8,17.2,,2.61,82.29,0.931,5185289
NIC,North America,Nicaragua,12/4/2023,15682,0,0,245,2256.924,0,35.26,0,,,,,,,,,,,,,,,,,,15304013,6254204,6073278,2892531,,220.25,90.01,87.41,41.63,51.667,27.3,5.445,3.519,5321.444,3.2,137.016,11.47,,,,0.9,74.48,0.66,6948395
NER,Africa,Niger,12/4/2023,9513,0,0,315,362.981,0,12.019,0,,,,,,,,,,,,,,,,,,,,,,,,,,,16.955,15.1,2.553,1.378,926,44.5,238.339,2.42,0.1,15.4,8.978,0.3,62.42,0.394,26207982
NGA,Africa,Nigeria,12/4/2023,266675,0,1.429,3155,1220.25,0,14.437,0,,,,,,,,,,,,,,,,,,,,,,,,,,,209.588,18.1,2.751,1.447,5338.454,,181.013,2.42,0.6,10.8,41.949,,54.69,0.539,218541216
NIU,Oceania,Niue,12/4/2023,747,0,0,,382684.426,0,,0,,,,,,,,,,,,,,,,,,,,,,,,,,,,,,,,,,,,,,,73.71,,1952
OWID_NAM,,North America,14-04-23,123493229,0,1113,1592261,205711.082,0,2652.338,0,,,,,,,,,,,,,,,,,,1147626794,458080717,394066709,251340113,5315,191.17,76.31,65.64,41.87,,,,,,,,,,,,,,,600323657
PRK,Asia,North Korea,12/4/2023,,0,0,,,0,,0,,,,,,,,,,,,,,,,,,,,,,,,,,,211.701,35.3,9.491,6.139,,,321.681,4,,,,13.2,72.27,,26069416
MKD,Europe,North Macedonia,12/4/2023,347672,0,0,9667,166063.72,0,4617.392,0,,,,,,,,,,,,,,,,,,,,,,,,,,,82.6,39.1,13.26,8.16,13111.214,5,322.688,10.08,,,,4.28,75.8,0.774,2093606
OWID_NIR,Europe,Northern Ireland,12/4/2023,,,,,,,,,,,234,123.418,,,1,0.527,,,,,,,,,,4487330,1430308,1360639,,0,236.67,75.44,71.76,,,,,,,,,,,,,,,,1896000
MNP,Oceania,Northern Mariana Islands,12/4/2023,13773,0,0,41,277827.087,0,827.046,0,,,,,,,,,,,,,,,,,,,,,,,,,,,119.878,,,,,,194.994,,,,,,76.74,,49574
NOR,Europe,Norway,12/4/2023,1481760,0,40.143,5311,272666.849,0,977.306,0,,,,,,,,,,,,,,,,,,,,,,,,,,,14.462,39.7,16.821,10.813,64800.057,0.2,114.316,5.31,19.6,20.7,,3.6,82.4,0.957,5434324
OWID_OCE,,Oceania,12/4/2023,13860132,0,0,25926,307737.185,0,575.636,0,,,,,,,,,,,,,,,,,,81002302,28962571,27968130,24023857,89,179.85,64.31,62.1,53.34,,,,,,,,,,,,,,,45038860
OMN,Asia,Oman,12/4/2023,399449,0,0,4628,87286.454,0,1011.297,0,,,,,,,,,,,,,,,,,,,,,,,,,,,14.98,30.7,2.355,1.53,37960.709,,266.342,12.61,0.5,15.6,97.4,1.6,77.86,0.813,4576300
PAK,Asia,Pakistan,12/4/2023,1580021,0,22.857,30652,6699.976,0,129.978,0,,,,,,,,,,,,,,,,,,334981904,162543923,140136610,50523363,,142.05,68.93,59.42,21.42,255.573,23.5,4.495,2.78,5034.708,4,423.031,8.35,2.8,36.7,59.607,0.6,67.27,0.557,235824864
PLW,Oceania,Palau,12/4/2023,5997,0,0,9,331619.111,0,497.678,0,,,,,,,,,,,,,,,,,,,,,,,,,,,47.237,,,,13240.405,,,15.89,7.7,22.7,,4.8,73.7,0.826,18084
PSE,Asia,Palestine,12/4/2023,703228,0,0,5708,133946.251,0,1087.222,0,,,,,,,,,,,,,,,,,,,,,,,,,,,778.202,20.4,3.043,1.726,4449.898,1,265.91,10.59,,,,,74.05,0.708,5250076
PAN,North America,Panama,12/4/2023,1033781,0,0,8612,234492.86,0,1953.463,0,,,,,,,,,,,,,,,,,,,,,,,,,,,55.133,29.7,7.918,5.03,22267.037,2.2,128.346,8.33,2.4,9.9,,2.3,78.51,0.815,4408582
PNG,Oceania,Papua New Guinea,12/4/2023,46837,0,0,670,4617.838,0,66.058,0,,,,,,,,,,,,,,,,,,733363,379859,319168,34336,,7.23,3.75,3.15,0.34,18.22,22.6,3.808,2.142,3823.194,,561.494,17.65,23.5,48.8,,,64.5,0.555,10142625
PRY,South America,Paraguay,12/4/2023,735759,0,0,19880,108507.104,0,2931.831,0,,,,,,,,,,,,,,,,,,,,,,,,,,,17.144,26.5,6.378,3.833,8827.01,1.7,199.128,8.27,5,21.6,79.602,1.3,74.25,0.728,6780745
PER,South America,Peru,13-04-23,4492891,0,0,219866,131951.406,0,6457.229,2.408,,,,,,,,,,,,,,,,,,88793261,30427212,28603371,29762678,3246,260.78,89.36,84.01,87.41,25.129,29.1,7.151,4.455,12236.706,3.5,85.755,5.95,4.8,,,1.6,76.74,0.777,34049588
PHL,Asia,Philippines,12/4/2023,4083678,177,211,66420,35338.465,1.532,574.771,0.26,,,,,,,,,,,,,,,,,,,,,,,,,,,351.873,25.2,4.803,2.661,7599.188,,370.437,7.07,7.8,40.8,78.463,1,71.23,0.718,115559008
PCN,Oceania,Pitcairn,12/4/2023,4,0,0,,85106.383,0,,0,,,,,,,,,,,,,,,,,,,,,,,,,,,,,,,,,,,,,,,,,47
POL,Europe,Poland,14-04-23,6504340,130,657.571,119423,163191.321,3.262,2996.276,0,,,,,,,,,,,,,,,,,,57965652,22874428,22646132,15332837,635,145.43,57.39,56.82,38.47,124.027,41.8,16.763,10.202,27216.445,,227.331,5.91,23.3,33.1,,6.62,78.73,0.88,39857144
PRT,Europe,Portugal,12/4/2023,5577825,129,197.571,26480,543072.988,12.56,2578.169,0,,,,,,,,,,,,,,,,,,,,,,,,,,,112.371,46.2,21.502,14.924,27936.896,0.5,127.842,9.85,16.3,30,,3.39,82.05,0.864,10270857
PRI,North America,Puerto Rico,12/4/2023,1110017,1590,227.143,5867,341290.402,488.868,1803.892,3.382,,,,,,,,,,,,,,,,,,,,,,,,,,,376.232,38.2,15.168,9.829,35044.67,,108.094,12.9,,,,,80.1,,3252412
QAT,Asia,Qatar,12/4/2023,502436,328,333.429,688,186423.591,121.701,255.275,0,,,,,,,,,,,,,,,,,,7608683,2852032,2852032,1904619,,282.31,105.82,105.82,70.67,227.322,31.9,1.307,0.617,116935.6,,176.69,16.52,0.8,26.9,,1.2,80.23,0.848,2695131
REU,Africa,Reunion,12/4/2023,494595,0,0,921,507765.419,0,945.525,0,,,,,,,,,,,,,,,,,,,,,,,,,,,,36,,6.841,,,,,,,,,80.48,,974062
ROU,Europe,Romania,12/4/2023,3380891,6066,866.571,67961,171974.392,308.557,3456.944,2.238,136,6.918,1434,72.943,,,,,,,,,,,,,,,,,,,,,,,85.129,43,17.85,11.69,23313.199,5.7,370.946,9.74,22.9,37.1,,6.892,76.05,0.828,19659270
RUS,Europe,Russia,15-04-23,22727542,5932,8062.714,397642,157052.186,40.991,2747.791,0.263,,,,,,,6858,47.39,,,,,,,,,,186636075,88792191,79699660,20383018,,128.97,61.36,55.07,14.09,8.823,39.6,14.178,9.393,24765.954,0.1,431.297,6.18,23.4,58.3,,8.05,72.58,0.824,144713312
RWA,Africa,Rwanda,12/4/2023,133194,0,0,1468,9668.061,0,106.557,0,,,,,,,,,,,,,,,,,,,,,,,,,,,494.869,20.3,2.974,1.642,1854.211,56,191.375,4.28,4.7,21,4.617,,69.02,0.543,13776702
BLM,North America,Saint Barthelemy,12/4/2023,5478,0,0,5,498271.785,0,454.794,0,,,,,,,,,,,,,,,,,,,,,,,,,,,,,,,,,,,,,,,,,10994
SHN,Africa,Saint Helena,12/4/2023,2166,0,0,,401036.845,0,,0,,,,,,,,,,,,,,,,,,,,,,,,,,,,,,,,,,,,,,,80.56,,5401
KNA,North America,Saint Kitts and Nevis,12/4/2023,6598,0,0,46,138377.97,0,964.745,0,,,,,,,,,,,,,,,,,,,,,,,,,,,212.865,,,,24654.385,,,12.84,,,,2.3,76.23,0.779,47681
LCA,North America,Saint Lucia,12/4/2023,30028,0,0,409,166940.936,0,2273.839,0,,,,,,,,,,,,,,,,,,,,,,,,,,,293.187,34.9,9.721,6.405,12951.839,,204.62,11.62,,,87.202,1.3,76.2,0.759,179872
MAF,North America,Saint Martin (French part),12/4/2023,12280,0,0,46,385969.324,0,1445.813,0,,,,,,,,,,,,,,,,,,,,,,,,,,,590.533,,,,,,,,,,,,82.08,,31816
SPM,North America,Saint Pierre and Miquelon,12/4/2023,3426,0,0,2,582158.029,0,339.847,0,,,,,,,,,,,,,,,,,,,,,,,,,,,,,,,,,,,,,,,81.07,,5885
VCT,North America,Saint Vincent and the Grenadines,12/4/2023,9601,0,0,124,92353.716,0,1192.778,0,,,,,,,,,,,,,,,,,,,,,,,,,,,281.787,31.8,7.724,4.832,10727.146,,252.675,11.62,,,,2.6,72.53,0.738,103959
WSM,Oceania,Samoa,12/4/2023,16675,0,0,31,74980.889,0,139.395,0,,,,,,,,,,,,,,,,,,452932,191403,177954,82117,,203.67,86.07,80.02,36.92,69.413,22,5.606,3.564,6021.557,,348.977,9.21,16.7,38.1,,,73.32,0.715,222390
SMR,Europe,San Marino,12/4/2023,23873,0,1.286,123,708607.896,0,3650.935,0,,,,,,,,,,,,,,,,,,,,,,,,,,,556.667,,,,56861.47,,,5.64,,,,3.8,84.97,,33690
STP,Africa,Sao Tome and Principe,12/4/2023,6542,0,6,80,28769.575,0,351.814,0,,,,,,,,,,,,,,,,,,262761,140256,111986,34494,,115.55,61.68,49.25,15.17,212.841,18.7,2.886,2.162,3052.714,32.3,270.113,2.42,,,41.34,2.9,70.39,0.625,227393
SAU,Asia,Saudi Arabia,12/4/2023,836442,246,339.286,9635,22973.607,6.757,264.634,0,,,,,,,,,,,,,,,,,,,,,,,,,,,15.322,31.9,3.295,1.845,49045.411,,259.538,17.72,1.8,25.4,,2.7,75.13,0.854,36408824
OWID_SCT,Europe,Scotland,10/4/2023,,,,,,,,,4,0.732,1193,218.258,,,,,,,,,,,,,,,,,,,,,,,,,,,,,,,,,,,,,5466000
SEN,Africa,Senegal,12/4/2023,88978,0,0,1971,5138.351,0,113.822,0,,,,,,,,,,,,,,,,,,2930667,2684696,1442833,815965,,16.92,15.5,8.33,4.71,82.328,18.7,3.008,1.796,2470.58,38,241.219,2.42,0.4,16.6,20.859,,67.94,0.512,17316452
SRB,Europe,Serbia,15-04-23,2524670,745,638,17996,367409.26,108.418,2618.915,0,13,1.892,112,16.299,,,,,,,,,,,,,,,,,,,,,,,80.291,41.2,17.366,,14048.881,,439.415,10.08,37.7,40.2,97.719,5.609,76,0.806,6871547
SYC,Africa,Seychelles,12/4/2023,50937,0,0,172,475446.866,0,1605.451,0,,,,,,,,,,,,,,,,,,224558,88520,83565,44936,,209.6,82.62,78,41.94,208.354,36.2,8.606,5.586,26382.287,1.1,242.648,10.55,7.1,35.7,,3.6,73.4,0.796,107135
SLE,Africa,Sierra Leone,12/4/2023,7762,0,0,125,901.958,0,14.525,0,,,,,,,,,,,,,,,,,,,,,,,,,,,104.7,19.1,2.538,1.285,1390.3,52.2,325.721,2.42,8.8,41.3,19.275,,54.7,0.452,8605723
SGP,Asia,Singapore,12/4/2023,2298689,0,0,1722,407784.288,0,305.48,0,,,,,,,,,,,,,,,,,,,,,,,,,,,7915.731,42.4,12.922,7.049,85535.383,,92.243,10.99,5.2,28.3,,2.4,83.62,0.938,5637022
SXM,North America,Sint Maarten (Dutch part),12/4/2023,11030,0,0,92,249592.686,0,2081.825,0,,,,,,,,,,,,,,,,,,,,,,,,,,,1209.088,,,,36327.232,,,,,,,,78.95,,44192
SVK,Europe,Slovakia,12/4/2023,1865828,0,23.429,21123,330618.035,0,3742.92,0,,,,,2,0.368,120,21.344,,,,,,,,,,,,,,,,,,,113.128,41.2,15.07,9.167,30155.152,0.7,287.959,7.29,23.1,37.7,,5.82,77.54,0.86,5643455
SVN,Europe,Slovenia,12/4/2023,1342156,0,50.143,9230,633139.341,0,4354.096,0,,,,,,,,,,,,,,,,,,,,,,,,,,,102.619,44.5,19.062,12.93,31400.84,,153.493,7.25,20.1,25,,4.5,81.32,0.917,2119843
SLB,Oceania,Solomon Islands,12/4/2023,24575,0,0,153,33930.623,0,211.247,0,,,,,,,,,,,,,,,,,,,,,,,,,,,21.841,20.8,3.507,2.043,2205.923,25.1,459.78,18.68,,,35.89,1.4,73,0.567,724272
SOM,Africa,Somalia,12/4/2023,27334,0,0,1361,1553.288,0,77.34,0,,,,,,,,,,,,,,,,,,,,,,,,,,,23.5,16.8,2.731,1.496,,,365.769,6.05,,,9.831,0.9,57.4,,17597508
ZAF,Africa,South Africa,12/4/2023,4072533,0,0,102595,67995.807,0,1712.946,0,,,,,,,,,,,,,,,,,,38711609,24165157,21038797,4334775,,64.63,40.35,35.13,7.24,46.754,27.3,5.344,3.053,12294.876,18.9,200.38,5.52,8.1,33.2,43.993,2.32,64.13,0.709,59893884
OWID_SAM,,South America,15-04-23,68328230,0,9971.714,1352942,156423.125,0,3097.276,0,,,,,,,,,,,,,,,,,,955983016,375273597,336792132,253267766,4054,218.85,85.91,77.1,57.98,,,,,,,,,,,,,,,436816679
KOR,Asia,South Korea,12/4/2023,30918060,4005,10476.286,34332,596691.651,77.293,662.578,0.289,,,,,,,,,,,,,,,,,,,44810095,44395498,,,,86.48,85.68,,527.967,43.4,13.914,8.622,35938.374,0.2,85.998,6.8,6.2,40.9,,12.27,83.03,0.916,51815808
SSD,Africa,South Sudan,12/4/2023,18368,0,0,138,1683.104,0,12.645,0,,,,,,,,,,,,,,,,,,3900346,3849926,3808052,272667,,35.74,35.28,34.89,2.5,,19.2,3.441,2.032,1569.888,,280.775,10.43,,,,,57.85,0.433,10913172
ESP,Europe,Spain,12/4/2023,13798747,0,0,120426,290141.798,0,2532.159,0,108,2.271,2087,43.883,77,1.619,1805,37.953,,,,,,,,,,,,,,,,,,,93.105,45.5,19.436,13.799,34272.36,1,99.403,7.17,27.4,31.4,,2.97,83.56,0.904,47558632
LKA,Asia,Sri Lanka,12/4/2023,672092,0,1.286,16835,30784.508,0,771.11,0,,,,,,,,,,,,,,,,,,,,,,,,,,,341.955,34.1,10.069,5.331,11669.077,0.7,197.093,10.68,0.3,27,,3.6,76.98,0.782,21832150
SDN,Africa,Sudan,12/4/2023,63922,0,0,5034,1363.693,0,107.394,0,,,,,,,,,,,,,,,,,,22598737,15207452,13416394,3891363,,48.21,32.44,28.62,8.3,23.258,19.7,3.548,2.034,4466.507,,431.388,15.67,,,23.437,0.8,65.31,0.51,46874200
SUR,South America,Suriname,12/4/2023,82495,0,4,1404,133477.12,0,2271.676,0,,,,,,,,,,,,,,,,,,,,,,,,,,,3.612,29.6,6.933,4.229,13767.119,,258.314,12.54,7.4,42.9,67.779,3.1,71.68,0.738,618046
SWE,Europe,Sweden,14-04-23,2702703,0,0,23897,256196.188,0,2265.258,0,,,546,51.757,,,,,,,,,,,,,,25940042,,,,,245.89,,,,24.718,41,19.985,13.433,46949.283,0.5,133.982,4.79,18.8,18.9,,2.22,82.8,0.945,10549349
CHE,Europe,Switzerland,12/4/2023,4399085,0,0,13981,503300.68,0,1599.571,0,21,2.403,436,49.883,,,,,,,,,,,,,,16936551,6096635,6013059,4883758,68,193.77,69.75,68.8,55.88,214.243,43.1,18.436,12.644,57410.166,,99.739,5.59,22.6,28.9,,4.53,83.78,0.955,8740471
SYR,Asia,Syria,12/4/2023,57423,0,0,3163,2595.361,0,142.959,0,,,,,,,,,,,,,,,,,,,,,,,,,,,,21.7,,2.577,,,376.264,,,,70.598,1.5,72.7,0.567,22125242
TWN,Asia,Taiwan,13-04-23,,,,,,,,,,,,,,,,,,,,,,,,,,67791921,21882373,20766229,25143319,11443,283.73,91.58,86.91,105.23,,42.2,,8.353,,,103.957,,,,,,80.46,,23893396
TJK,Asia,Tajikistan,12/4/2023,17786,0,0,125,1787.037,0,12.559,0,,,,,,,,,,,,,,,,,,,,,,,,,,,64.281,23.3,3.466,2.155,2896.913,4.8,427.698,7.11,,,72.704,4.8,71.1,0.668,9952789
TZA,Africa,Tanzania,12/4/2023,42973,0,0,846,656.099,0,12.916,0,,,,,,,,,,,,,,,,,,,,,,,,,,,64.699,17.7,3.108,1.874,2683.304,49.1,217.288,5.75,3.3,26.7,47.953,0.7,65.46,0.529,65497752
THA,Asia,Thailand,12/4/2023,4728967,168,24,33940,65957.647,2.343,473.381,0,,,,,,,,,,,,,,,,,,,,,,,,,,,135.132,40.1,11.373,6.89,16277.671,0.1,109.861,7.04,1.9,38.8,90.67,2.1,77.15,0.777,71697024
TLS,Asia,Timor,12/4/2023,23423,0,0,138,17462.935,0,102.885,0,,,,,,,,,,,,,,,,,,2015344,883561,798805,332978,,150.25,65.87,59.55,24.83,87.176,18,3.556,1.897,6570.102,30.3,335.346,6.86,6.3,78.1,28.178,5.9,69.5,0.606,1341298
TGO,Africa,Togo,12/4/2023,39469,0,0.857,290,4460.429,0,32.773,0,,,,,,,,,,,,,,,,,,3401991,2246404,1554066,427804,,38.45,25.39,17.56,4.83,143.366,19.4,2.839,1.525,1429.813,49.2,280.033,6.15,0.9,14.2,10.475,0.7,61.04,0.515,8848700
TKL,Oceania,Tokelau,12/4/2023,5,0,0,,2641.31,0,,0,,,,,,,,,,,,,,,,,,,,,,,,,,,,,,,,,,,,,,,81.86,,1893
TON,Oceania,Tonga,12/4/2023,16814,0,0,12,157335.754,0,112.289,0,,,,,,,,,,,,,,,,,,203208,87342,77360,38506,,190.15,81.73,72.39,36.03,150.028,22.3,5.82,4.032,5425.621,,227.49,15.42,11.8,44.4,,2.6,70.91,0.725,106867
TTO,North America,Trinidad and Tobago,12/4/2023,191007,0,0,4372,124756.13,0,2855.57,0,,,,,,,,,,,,,,,,,,,,,,,,,,,266.886,36.2,10.014,5.819,28763.071,,228.467,10.97,,,89.443,3,73.51,0.796,1531043
TUN,Africa,Tunisia,12/4/2023,1152033,0,0,29363,93235.852,0,2376.394,0,,,,,,,,,,,,,,,,,,13247807,7218342,6399244,1257229,,107.22,58.42,51.79,10.17,74.228,32.7,8.001,5.075,10849.297,2,318.991,8.52,1.1,65.8,78.687,2.3,76.7,0.74,12356116
TUR,Asia,Turkey,12/4/2023,17004677,0,0,101419,199255.078,0,1188.394,0,,,,,,,,,,,,,,,,,,,,,,,,,,,104.914,31.6,8.153,5.061,25129.341,0.2,171.285,12.13,14.1,41.1,,2.81,77.69,0.82,85341248
TKM,Asia,Turkmenistan,12/4/2023,,0,0,,,0,,0,,,,,,,,,,,,,,,,,,,,,,,,,,,12.253,26.9,4.277,2.541,16389.023,,536.783,7.11,,,100,7.4,68.19,0.715,6430777
TCA,North America,Turks and Caicos Islands,12/4/2023,6565,0,0,38,143572.585,0,831.037,0,,,,,,,,,,,,,,,,,,,,,,,,,,,37.312,,,,,,,,,,,,80.22,,45726
TUV,Oceania,Tuvalu,12/4/2023,2779,0,0,,245169.828,0,,0,,,,,,,,,,,,,,,,,,,,,,,,,,,373.067,,,,3575.104,3.3,,27.25,,,,,67.57,,11335
UGA,Africa,Uganda,12/4/2023,170515,0,0,3632,3608.815,0,76.868,0,,,,,,,,,,,,,,,,,,,,,,,,,,,213.759,16.4,2.168,1.308,1697.707,41.6,213.333,2.5,3.4,16.7,21.222,0.5,63.37,0.544,47249588
UKR,Europe,Ukraine,12/4/2023,5484936,0,0,111789,138153.528,0,2815.72,0,,,,,,,,,,,,,,,,,,,,,,,,,,,77.39,41.4,16.462,11.133,7894.393,0.1,539.849,7.11,13.5,47.4,,8.8,72.06,0.779,39701744
ARE,Asia,United Arab Emirates,12/4/2023,1058979,204,238.571,2349,112166.457,21.608,248.805,0,,,,,,,,,,,,,,,,,,,,,,,,,,,112.442,34,1.144,0.526,67293.483,,317.84,17.26,1.2,37.4,,1.2,77.97,0.89,9441138
GBR,Europe,United Kingdom,12/4/2023,24330379,1360,2216.286,212083,360402.347,20.145,3141.554,0,,,8258,122.325,,,,,,,,,,,,,,,,,,,,,,,272.898,40.8,18.517,12.527,39753.244,0.2,122.137,4.28,20,24.7,,2.54,81.32,0.932,67508936
USA,North America,United States,13-04-23,102873924,0,0,1118800,304099.937,0,3307.223,0,1579,4.668,11987,35.434,,,13512,39.942,,,,,,,,,,674711945,270142789,230467642,,5653,203.22,81.37,69.42,,35.608,38.3,15.413,9.732,54225.446,1.2,151.089,10.79,19.1,24.6,,2.77,78.86,0.926,338289856
VIR,North America,United States Virgin Islands,12/4/2023,24886,0,3.286,130,250163.351,0,1306.808,0,,,,,,,,,,,,,,,,,,,,,,,,,,,306.48,42.2,18.601,10.799,,,273.67,12.26,,,,,80.58,,99479
OWID_UMC,,Upper middle income,15-04-23,243241063,0,17350,2654361,96297.958,0,1050.849,0,,,,,,,,,,,,,,,,,,5413856818,2107200497,1988920367,1260220319,5060,214.33,83.42,78.74,49.89,,,,,,,,,,,,,,,2525921300
URY,South America,Uruguay,15-04-23,1036159,0,0,7621,302722.979,0,2226.542,0,,,,,,,,,,,,,,,,,,9013237,3009512,2902124,3101601,170668,263.33,87.93,84.79,90.62,19.751,35.6,14.655,10.361,20551.409,0.1,160.708,6.93,14,19.9,,2.8,77.91,0.817,3422796
UZB,Asia,Uzbekistan,12/4/2023,252265,0,22.143,1637,7285.075,0,47.274,0,,,,,,,,,,,,,,,,,,,,,,,,,,,76.134,28.2,4.469,2.873,6253.104,,724.417,7.57,1.3,24.7,,4,71.72,0.72,34627648
VUT,Oceania,Vanuatu,12/4/2023,12014,0,0,14,36768.847,0,42.847,0,,,,,,,,,,,,,,,,,,,,,,,,,,,22.662,23.1,4.394,2.62,2921.909,13.2,546.3,12.02,2.8,34.5,25.209,,70.47,0.609,326744
VAT,Europe,Vatican,12/4/2023,26,0,0,,32178.218,0,,0,,,,,,,,,,,,,,,,,,,,,,,,,,,,,,,,,,,,,,,75.12,,808
VEN,South America,Venezuela,12/4/2023,552398,0,0,5854,19518.191,0,206.843,0,,,,,,,,,,,,,,,,,,,,,,,,,,,36.253,29,6.614,3.915,16745.022,,204.85,6.47,,,,0.8,72.06,0.711,28301700
VNM,Asia,Vietnam,12/4/2023,11527745,0,48.857,43186,117406.193,0,439.835,0,,,,,,,,,,,,,,,,,,,,,,,,,,,308.127,32.6,7.15,4.718,6171.884,2,245.465,6,1,45.9,85.847,2.6,75.4,0.704,98186856
OWID_WLS,Europe,Wales,12/4/2023,,,,,,,,,11,3.47,643,202.839,,,5,1.577,,,,,,,,,,,,,,,,,,,,,,,,,,,,,,,,,3170000
WLF,Oceania,Wallis and Futuna,12/4/2023,3427,0,0,7,295532.942,0,603.656,0,,,,,,,,,,,,,,,,,,,,,,,,,,,,,,,,,,,,,,,79.94,,11596
OWID_WRL,,World,15-04-23,762790388,0,50707.143,6897012,95646.438,0,864.818,0,,,,,,,,,,,,,,,,,,13369699292,5573599341,5127668348,2760255605,161160,167.64,69.89,64.3,34.61,58.045,30.9,8.696,5.355,15469.207,10,233.07,8.51,6.434,34.635,60.13,2.705,72.58,0.737,7975105024
YEM,Asia,Yemen,12/4/2023,11945,0,0,2159,354.487,0,64.072,0,,,,,,,,,,,,,,,,,,1275258,1032545,788707,63879,,3.78,3.06,2.34,0.19,53.508,20.3,2.922,1.583,1479.147,18.8,495.003,5.35,7.6,29.2,49.542,0.7,66.12,0.47,33696612
ZMB,Africa,Zambia,12/4/2023,343415,0,0,4057,17155.593,0,202.671,0,,,,,,,,,,,,,,,,,,,11637730,,,,,58.14,,,22.995,17.7,2.48,1.542,3689.251,57.5,234.499,3.94,3.1,24.7,13.938,2,63.89,0.584,20017670
ZWE,Africa,Zimbabwe,12/4/2023,264584,0,2.571,5684,16211.719,0,348.273,0,,,,,,,,,,,,,,,,,,,,,,,,,,,42.729,19.6,2.822,1.882,1899.775,21.4,307.846,1.82,1.6,30.7,36.791,1.7,61.49,0.571,16320539
