continent,location,last_updated_date,total_cases,new_cases,new_cases_smoothed,total_deaths,total_cases_per_million,new_cases_per_million,total_deaths_per_million,new_deaths_per_million,total_vaccinations,people_vaccinated,people_fully_vaccinated,total_boosters,new_vaccinations,total_vaccinations_per_hundred,people_vaccinated_per_hundred,people_fully_vaccinated_per_hundred,total_boosters_per_hundred,population_density,median_age,aged_65_older,aged_70_older,gdp_per_capita,extreme_poverty,cardiovasc_death_rate,diabetes_prevalence,female_smokers,male_smokers,handwashing_facilities,hospital_beds_per_thousand,life_expectancy,human_development_index,population
Asia,Afghanistan,04-12-2023,211630.0,118.0,128.143,7884.0,5145.546,2.869,191.691,0.0,16625558.0,14559029.0,13846468.0,1036742.0,0.0,40.42,35.4,33.67,2.52,54.422,18.6,2.581,1.337,1803.987,0.0,597.029,9.59,0.0,0.0,37.746,0.5,64.83,0.511,41128772
Europe,Albania,04-12-2023,333897.0,0.0,0.0,3604.0,117473.485,0.0,1267.979,0.0,0.0,0.0,0.0,0.0,0.0,0.0,0.0,0.0,0.0,104.871,38.0,13.188,8.643,11803.431,1.1,304.195,10.08,7.1,51.2,0.0,2.89,78.57,0.795,2842318
Africa,Algeria,04-12-2023,271613.0,0.0,2.714,6881.0,6048.852,0.0,153.241,0.0,0.0,0.0,0.0,0.0,0.0,0.0,0.0,0.0,0.0,17.348,29.1,6.211,3.857,13913.839,0.5,278.364,6.73,0.7,30.4,83.741,1.9,76.88,0.748,44903228
Oceania,American Samoa,04-12-2023,8326.0,0.0,0.0,34.0,187967.039,0.0,767.581,0.0,0.0,0.0,0.0,0.0,0.0,0.0,0.0,0.0,0.0,278.205,0.0,0.0,0.0,0.0,0.0,283.75,0.0,0.0,0.0,0.0,0.0,73.74,0.0,44295
Europe,Andorra,04-12-2023,47939.0,0.0,1.286,159.0,600415.816,0.0,1991.408,0.0,0.0,0.0,0.0,0.0,0.0,0.0,0.0,0.0,0.0,163.755,0.0,0.0,0.0,0.0,0.0,109.135,7.97,29.0,37.8,0.0,0.0,83.73,0.868,79843
Africa,Angola,04-12-2023,105353.0,0.0,3.143,1934.0,2960.269,0.0,54.343,0.0,25042414.0,15590125.0,8684976.0,1918963.0,0.0,70.37,43.81,24.4,5.39,23.89,16.8,2.405,1.362,5819.495,0.0,276.045,3.94,0.0,0.0,26.664,0.0,61.15,0.581,35588996
North America,Anguilla,04-12-2023,3904.0,0.0,0.0,12.0,245890.282,0.0,755.81,0.0,0.0,0.0,0.0,0.0,0.0,0.0,0.0,0.0,0.0,0.0,0.0,0.0,0.0,0.0,0.0,0.0,0.0,0.0,0.0,0.0,0.0,81.88,0.0,15877
North America,Antigua and Barbuda,04-12-2023,9106.0,0.0,0.0,146.0,97107.879,0.0,1556.968,0.0,0.0,0.0,0.0,0.0,0.0,0.0,0.0,0.0,0.0,231.845,32.1,6.933,4.631,21490.943,0.0,191.511,13.17,0.0,0.0,0.0,3.8,77.02,0.778,93772
South America,Argentina,14-04-2023,10044957.0,0.0,0.0,130472.0,220718.205,0.0,2866.866,0.0,115337304.0,41486157.0,34868338.0,36153506.0,8709.0,253.43,91.16,76.62,79.44,16.177,31.9,11.198,7.441,18933.907,0.6,191.032,5.5,16.2,27.7,0.0,5.0,76.67,0.845,45510324
Asia,Armenia,04-12-2023,448707.0,0.0,0.0,8743.0,161377.996,0.0,3144.43,0.0,0.0,0.0,0.0,0.0,0.0,0.0,0.0,0.0,0.0,102.931,35.7,11.232,7.571,8787.58,1.8,341.01,7.11,1.5,52.1,94.043,4.2,75.09,0.776,2780472
North America,Aruba,14-04-2023,44114.0,0.0,0.0,287.0,414375.487,0.0,2695.874,0.0,174621.0,90390.0,84231.0,0.0,12.0,164.03,84.91,79.12,0.0,584.8,41.2,13.085,7.452,35973.781,0.0,0.0,11.62,0.0,0.0,0.0,0.0,76.29,0.0,106459
Oceania,Australia,13-04-2023,11153745.0,0.0,0.0,19906.0,426082.832,0.0,760.427,0.0,0.0,0.0,0.0,0.0,0.0,0.0,0.0,0.0,0.0,3.202,37.9,15.504,10.129,44648.71,0.5,107.791,5.07,13.0,16.5,0.0,3.84,83.44,0.944,26177410
Europe,Austria,15-04-2023,6046956.0,677.0,1286.429,22183.0,676422.267,75.73,2481.426,0.0,0.0,0.0,0.0,0.0,0.0,0.0,0.0,0.0,0.0,106.749,44.4,19.202,13.748,45436.686,0.7,145.183,6.35,28.4,30.9,0.0,7.37,81.54,0.922,8939617
Asia,Azerbaijan,04-12-2023,830367.0,0.0,58.857,10197.0,80166.127,0.0,984.449,0.0,0.0,0.0,0.0,0.0,0.0,0.0,0.0,0.0,0.0,119.309,32.4,6.018,3.871,15847.419,0.0,559.812,7.11,0.3,42.5,83.241,4.7,73.0,0.756,10358078
North America,Bahamas,04-12-2023,37491.0,0.0,0.0,833.0,91443.917,0.0,2031.762,0.0,0.0,0.0,0.0,0.0,0.0,0.0,0.0,0.0,0.0,39.497,34.3,8.996,5.2,27717.847,0.0,235.954,13.17,3.1,20.4,0.0,2.9,73.92,0.814,409989
Asia,Bahrain,04-12-2023,696614.0,0.0,0.0,1536.0,473167.024,0.0,1043.31,0.0,0.0,0.0,0.0,0.0,0.0,0.0,0.0,0.0,0.0,1935.907,32.4,2.372,1.387,43290.705,0.0,151.689,16.52,5.8,37.6,0.0,2.0,77.29,0.852,1472237
Asia,Bangladesh,13-04-2023,2038091.0,0.0,4.286,29446.0,11905.685,0.0,172.011,0.0,357976210.0,151318723.0,139775074.0,67463955.0,76144.0,209.11,88.39,81.65,39.41,1265.036,27.5,5.098,3.262,3523.984,14.8,298.003,8.38,1.0,44.7,34.808,0.8,72.59,0.632,171186368
North America,Barbados,04-12-2023,107332.0,0.0,0.0,582.0,381088.317,0.0,2066.424,0.0,0.0,0.0,0.0,0.0,0.0,0.0,0.0,0.0,0.0,664.463,39.8,14.952,9.473,16978.068,0.0,170.05,13.57,1.9,14.5,88.469,5.8,79.19,0.814,281646
Europe,Belarus,04-12-2023,994037.0,0.0,0.0,7118.0,104251.871,0.0,746.516,0.0,0.0,0.0,0.0,0.0,0.0,0.0,0.0,0.0,0.0,46.858,40.3,14.799,9.788,17167.967,0.0,443.129,5.18,10.5,46.1,0.0,11.0,74.79,0.823,9534956
Europe,Belgium,04-12-2023,4782863.0,0.0,81.857,34115.0,410337.56,0.0,2926.838,0.0,29630914.0,9266250.0,9168591.0,11626756.0,30.0,254.21,79.5,78.66,99.75,375.564,41.8,18.571,12.849,42658.576,0.2,114.898,4.29,25.1,31.4,0.0,5.64,81.63,0.931,11655923
North America,Belize,04-12-2023,70782.0,0.0,0.0,688.0,174647.47,0.0,1697.571,0.0,0.0,0.0,0.0,0.0,0.0,0.0,0.0,0.0,0.0,16.426,25.0,3.853,2.279,7824.362,0.0,176.957,17.11,0.0,0.0,90.083,1.3,74.62,0.716,405285
Africa,Benin,04-12-2023,28014.0,0.0,0.0,163.0,2097.977,0.0,12.207,0.0,0.0,0.0,0.0,0.0,0.0,0.0,0.0,0.0,0.0,99.11,18.8,3.244,1.942,2064.236,49.6,235.848,0.99,0.6,12.3,11.035,0.5,61.77,0.545,13352864
North America,Bermuda,04-12-2023,18860.0,0.0,1.571,165.0,293737.443,0.0,2569.813,0.0,0.0,0.0,0.0,0.0,0.0,0.0,0.0,0.0,0.0,1308.82,0.0,0.0,0.0,50669.315,0.0,139.547,13.0,0.0,0.0,0.0,0.0,82.59,0.0,64207
Asia,Bhutan,04-12-2023,62650.0,0.0,0.143,21.0,80068.298,0.0,26.839,0.0,0.0,0.0,0.0,0.0,0.0,0.0,0.0,0.0,0.0,21.188,28.6,4.885,2.977,8708.597,1.5,217.066,9.75,0.0,0.0,79.807,1.7,71.78,0.654,782457
South America,Bolivia,04-12-2023,1195880.0,0.0,0.0,22374.0,97829.585,0.0,1830.317,0.0,0.0,0.0,0.0,0.0,0.0,0.0,0.0,0.0,0.0,10.202,25.4,6.704,4.393,6885.829,7.1,204.299,6.89,0.0,0.0,25.383,1.1,71.51,0.718,12224114
North America,Bonaire Sint Eustatius and Saba,04-12-2023,11885.0,0.0,0.0,41.0,439339.051,0.0,1515.6,0.0,0.0,0.0,0.0,0.0,0.0,0.0,0.0,0.0,0.0,0.0,0.0,0.0,0.0,0.0,0.0,0.0,0.0,0.0,0.0,0.0,0.0,77.79,0.0,27052
Europe,Bosnia and Herzegovina,04-12-2023,402636.0,0.0,5.857,16328.0,124519.024,0.0,5049.59,0.0,0.0,0.0,0.0,0.0,0.0,0.0,0.0,0.0,0.0,68.496,42.5,16.569,10.711,11713.895,0.2,329.635,10.08,30.2,47.7,97.164,3.5,77.4,0.78,3233530
Africa,Botswana,04-12-2023,329837.0,0.0,0.0,2795.0,125399.004,0.0,1062.616,0.0,3171667.0,1949782.0,1659686.0,506383.0,0.0,120.58,74.13,63.1,19.25,4.044,25.8,3.941,2.242,15807.374,0.0,237.372,4.81,5.7,34.4,0.0,1.8,69.59,0.735,2630300
South America,Brazil,04-12-2023,37319254.0,60591.0,8655.857,700556.0,173325.19,281.408,3253.656,1.472,0.0,0.0,0.0,0.0,0.0,0.0,0.0,0.0,0.0,25.04,33.5,8.552,5.06,14103.452,3.4,177.961,8.11,10.1,17.9,0.0,2.2,75.88,0.765,215313504
North America,British Virgin Islands,04-12-2023,7305.0,0.0,0.0,64.0,233148.219,0.0,2042.64,0.0,0.0,0.0,0.0,0.0,0.0,0.0,0.0,0.0,0.0,207.973,0.0,0.0,0.0,0.0,0.0,0.0,13.67,0.0,0.0,0.0,0.0,79.07,0.0,31332
Asia,Brunei,04-12-2023,284632.0,0.0,0.0,153.0,633921.452,0.0,340.756,0.0,0.0,0.0,0.0,0.0,0.0,0.0,0.0,0.0,0.0,81.347,32.4,4.591,2.382,71809.251,0.0,201.285,12.79,2.0,30.9,0.0,2.7,75.86,0.838,449002
Europe,Bulgaria,15-04-2023,1301475.0,248.0,140.714,38282.0,191902.63,36.568,5644.685,0.0,4611374.0,0.0,2076903.0,0.0,2.0,67.99,0.0,30.62,0.0,65.18,44.7,20.801,13.272,18563.307,1.5,424.688,5.81,30.1,44.4,0.0,7.454,75.05,0.816,6781955
Africa,Burkina Faso,04-12-2023,22056.0,0.0,0.0,396.0,972.754,0.0,17.465,0.0,0.0,0.0,0.0,0.0,0.0,0.0,0.0,0.0,0.0,70.151,17.6,2.409,1.358,1703.102,43.7,269.048,2.42,1.6,23.9,11.877,0.4,61.58,0.452,22673764
Africa,Burundi,04-12-2023,53719.0,0.0,1.857,15.0,4167.629,0.0,1.164,0.0,36281.0,34323.0,33734.0,301.0,0.0,0.28,0.27,0.26,0.0,423.062,17.5,2.562,1.504,702.225,71.7,293.068,6.05,0.0,0.0,6.144,0.8,61.58,0.433,12889583
Asia,Cambodia,04-12-2023,138726.0,0.0,0.0,3056.0,8273.332,0.0,182.254,0.0,0.0,0.0,0.0,0.0,0.0,0.0,0.0,0.0,0.0,90.672,25.6,4.412,2.385,3645.07,0.0,270.892,4.0,2.0,33.7,66.229,0.8,69.82,0.594,16767851
Africa,Cameroon,04-12-2023,124834.0,0.0,0.0,1970.0,4472.006,0.0,70.573,0.0,4548943.0,3615939.0,3073226.0,623872.0,0.0,16.3,12.95,11.01,2.23,50.885,18.8,3.165,1.919,3364.926,23.8,244.661,7.2,0.0,0.0,2.735,1.3,59.29,0.563,27914542
North America,Canada,04-12-2023,4634277.0,0.0,0.0,52121.0,120513.795,0.0,1355.4,0.0,0.0,0.0,0.0,0.0,0.0,0.0,0.0,0.0,0.0,4.037,41.4,16.984,10.797,44017.591,0.5,105.599,7.37,12.0,16.6,0.0,2.5,82.43,0.929,38454328
Africa,Cape Verde,04-12-2023,63281.0,0.0,0.429,413.0,106684.177,0.0,696.268,0.0,0.0,0.0,0.0,0.0,0.0,0.0,0.0,0.0,0.0,135.58,25.7,4.46,3.437,6222.554,0.0,182.219,2.42,2.1,16.5,0.0,2.1,72.98,0.665,593162
North America,Cayman Islands,04-12-2023,31472.0,0.0,0.0,37.0,457961.061,0.0,538.401,0.0,0.0,0.0,0.0,0.0,0.0,0.0,0.0,0.0,0.0,256.496,0.0,0.0,0.0,49903.029,0.0,0.0,13.22,0.0,0.0,0.0,0.0,83.92,0.0,68722
Africa,Central African Republic,04-12-2023,15367.0,0.0,0.0,113.0,2754.363,0.0,20.254,0.0,0.0,0.0,0.0,0.0,0.0,0.0,0.0,0.0,0.0,7.479,18.3,3.655,2.251,661.24,0.0,435.727,6.1,0.0,0.0,16.603,1.0,53.28,0.397,5579148
Africa,Chad,04-12-2023,7696.0,0.0,0.143,194.0,434.23,0.0,10.946,0.0,8543941.0,6254729.0,6127422.0,4042573.0,0.0,48.21,35.29,34.57,22.81,11.833,16.7,2.486,1.446,1768.153,38.4,280.995,6.1,0.0,0.0,5.818,0.0,54.24,0.398,17723312
South America,Chile,14-04-2023,5272767.0,8437.0,1205.286,64497.0,268967.456,430.377,3290.036,0.0,0.0,0.0,0.0,0.0,0.0,0.0,0.0,0.0,0.0,24.282,35.4,11.087,6.938,22767.037,1.3,127.993,8.46,34.2,41.5,0.0,2.11,80.18,0.851,19603736
Asia,China,04-12-2023,99239252.0,112.0,95.143,120905.0,69598.241,0.079,84.793,0.0,0.0,0.0,0.0,0.0,0.0,0.0,0.0,0.0,0.0,147.674,38.7,10.641,5.929,15308.712,0.7,261.899,9.74,1.9,48.4,0.0,4.34,76.91,0.761,1425887360
South America,Colombia,04-12-2023,6363058.0,746.0,106.571,142690.0,122663.657,14.381,2750.702,0.231,90506612.0,43012174.0,37019801.0,14792792.0,0.0,174.47,82.92,71.36,28.52,44.223,32.2,7.646,4.312,13254.949,4.5,124.24,7.44,4.7,13.5,65.386,1.71,77.29,0.767,51874028
Africa,Comoros,04-12-2023,9093.0,0.0,0.286,160.0,10866.617,0.0,191.208,0.0,0.0,0.0,0.0,0.0,0.0,0.0,0.0,0.0,0.0,437.352,20.4,2.963,1.726,1413.89,18.1,261.516,11.88,4.4,23.6,15.574,2.2,64.32,0.554,836783
Africa,Congo,04-12-2023,25185.0,0.0,1.429,389.0,4218.289,0.0,65.154,0.0,0.0,0.0,0.0,0.0,0.0,0.0,0.0,0.0,0.0,15.405,19.0,3.402,2.063,4881.406,37.0,344.094,7.2,1.7,52.3,47.964,0.0,64.57,0.574,5970430
Oceania,Cook Islands,04-12-2023,7042.0,0.0,0.0,2.0,413457.022,0.0,117.426,0.0,0.0,0.0,0.0,0.0,0.0,0.0,0.0,0.0,0.0,0.0,0.0,0.0,0.0,0.0,0.0,0.0,0.0,0.0,0.0,0.0,0.0,76.25,0.0,17032
North America,Costa Rica,04-12-2023,1226315.0,0.0,9.571,9326.0,236702.146,0.0,1800.096,0.0,13066850.0,4630486.0,4343794.0,2915954.0,0.0,252.22,89.38,83.84,56.28,96.079,33.6,9.468,5.694,15524.995,1.3,137.973,8.78,6.4,17.4,83.841,1.13,80.28,0.81,5180836
Africa,Cote d'Ivoire,04-12-2023,88308.0,0.0,0.571,834.0,3135.876,0.0,29.616,0.0,0.0,0.0,0.0,0.0,0.0,0.0,0.0,0.0,0.0,76.399,18.7,2.933,1.582,3601.006,28.2,303.74,2.42,0.0,0.0,19.351,0.0,57.78,0.538,28160548
Europe,Croatia,04-12-2023,1271276.0,385.0,55.0,18091.0,315424.847,95.525,4488.68,5.459,5361245.0,2321402.0,2321402.0,0.0,0.0,133.02,57.6,57.6,0.0,73.726,44.0,19.724,13.053,22669.797,0.7,253.782,5.59,34.3,39.9,0.0,5.54,78.49,0.851,4030361
North America,Cuba,13-04-2023,1112853.0,0.0,4.0,8530.0,99253.777,0.0,760.779,0.0,43942048.0,10733992.0,10012063.0,8717036.0,16766.0,391.91,95.73,89.3,77.75,110.408,43.1,14.738,9.719,0.0,0.0,190.968,8.27,17.1,53.3,85.198,5.2,78.8,0.783,11212198
North America,Curacao,04-12-2023,45798.0,0.0,0.0,301.0,239563.118,0.0,1574.49,0.0,0.0,0.0,0.0,0.0,0.0,0.0,0.0,0.0,0.0,362.644,41.7,16.367,10.068,0.0,0.0,0.0,11.62,0.0,0.0,0.0,0.0,78.88,0.0,191173
Europe,Cyprus,04-12-2023,655664.0,0.0,0.0,1349.0,731762.14,0.0,1505.569,0.0,0.0,0.0,0.0,0.0,0.0,0.0,0.0,0.0,0.0,127.657,37.3,13.416,8.563,32415.132,0.0,141.171,9.24,19.6,52.7,0.0,3.4,80.98,0.887,896007
Europe,Czechia,15-04-2023,4636282.0,0.0,132.571,42702.0,441803.547,0.0,4069.186,0.0,18623361.0,6976353.0,6892982.0,5165294.0,10.0,177.47,66.48,65.69,49.22,137.176,43.3,19.027,11.58,32605.906,0.0,227.485,6.82,30.5,38.3,0.0,6.63,79.38,0.9,10493990
Africa,Democratic Republic of Congo,04-12-2023,95944.0,0.0,0.0,1464.0,969.031,0.0,14.786,0.0,15574105.0,14629322.0,12144756.0,0.0,0.0,15.73,14.78,12.27,0.0,35.879,17.0,3.02,1.745,808.133,77.1,318.949,6.1,0.0,0.0,4.472,0.0,60.68,0.48,99010216
Europe,Denmark,04-12-2023,3409630.0,0.0,63.0,8420.0,579646.357,0.0,1431.423,0.0,0.0,0.0,0.0,0.0,0.0,0.0,0.0,0.0,0.0,136.52,42.3,19.677,12.325,46682.515,0.2,114.767,6.41,19.3,18.8,0.0,2.5,80.9,0.94,5882259
Africa,Djibouti,04-12-2023,15690.0,0.0,0.0,189.0,13998.292,0.0,168.622,0.0,391203.0,370577.0,350212.0,0.0,0.0,34.9,33.06,31.25,0.0,41.285,25.4,4.213,2.38,2705.406,22.5,258.037,6.05,1.7,24.5,0.0,1.4,67.11,0.524,1120851
North America,Dominica,04-12-2023,15760.0,0.0,0.0,74.0,216608.483,0.0,1017.07,0.0,0.0,0.0,0.0,0.0,0.0,0.0,0.0,0.0,0.0,98.567,0.0,0.0,0.0,9673.367,0.0,227.376,11.62,0.0,0.0,0.0,3.8,75.0,0.742,72758
North America,Dominican Republic,04-12-2023,660937.0,0.0,0.0,4384.0,58860.766,0.0,390.424,0.0,16276778.0,7316383.0,6089859.0,2546582.0,0.0,144.96,65.16,54.23,22.68,222.873,27.6,6.981,4.419,14600.861,1.6,266.653,8.2,8.5,19.1,55.182,1.6,74.08,0.756,11228821
South America,Ecuador,04-12-2023,1059529.0,0.0,0.0,36017.0,58859.446,0.0,2000.833,0.0,0.0,0.0,0.0,0.0,0.0,0.0,0.0,0.0,0.0,66.939,28.1,7.104,4.458,10581.936,3.6,140.448,5.55,2.0,12.3,80.635,1.5,77.01,0.759,18001002
Africa,Egypt,04-12-2023,515913.0,0.0,4.429,24823.0,4648.28,0.0,223.651,0.0,111558825.0,56515721.0,42058910.0,14751763.0,0.0,100.51,50.92,37.89,13.29,97.999,25.3,5.159,2.891,10550.206,1.3,525.432,17.31,0.2,50.1,89.827,1.6,71.99,0.707,110990096
North America,El Salvador,04-12-2023,201785.0,0.0,0.0,4230.0,31845.405,0.0,667.572,0.0,0.0,0.0,0.0,0.0,0.0,0.0,0.0,0.0,0.0,307.811,27.6,8.273,5.417,7292.458,2.2,167.295,8.87,2.5,18.8,90.65,1.3,73.32,0.673,6336393
Europe,England,04-12-2023,0.0,0.0,0.0,0.0,0.0,0.0,0.0,0.0,144793337.0,45417090.0,42951064.0,64126029.0,46.0,256.04,80.31,75.95,113.4,0.0,0.0,0.0,0.0,0.0,0.0,0.0,0.0,0.0,0.0,0.0,0.0,0.0,0.0,56550000
Africa,Equatorial Guinea,04-12-2023,17130.0,0.0,0.0,183.0,10227.379,0.0,109.259,0.0,0.0,0.0,0.0,0.0,0.0,0.0,0.0,0.0,0.0,45.194,22.4,2.846,1.752,22604.873,0.0,202.812,7.78,0.0,0.0,24.64,2.1,58.74,0.592,1674916
Africa,Eritrea,04-12-2023,10189.0,0.0,0.0,103.0,2765.713,0.0,27.958,0.0,0.0,0.0,0.0,0.0,0.0,0.0,0.0,0.0,0.0,44.304,19.3,3.607,2.171,1510.459,0.0,311.11,6.05,0.2,11.4,0.0,0.7,66.32,0.459,3684041
Europe,Estonia,04-12-2023,617247.0,0.0,47.0,2979.0,465473.009,0.0,2246.498,0.0,2111353.0,869283.0,861599.0,600091.0,36.0,159.22,65.55,64.97,45.25,31.033,42.7,19.452,13.491,29481.252,0.5,255.569,4.02,24.5,39.3,0.0,4.69,78.74,0.892,1326064
Africa,Eswatini,04-12-2023,74520.0,197.0,28.143,1425.0,62013.182,163.937,1185.84,0.0,847910.0,511632.0,421222.0,170071.0,0.0,70.56,42.58,35.05,14.15,79.492,21.5,3.163,1.845,7738.975,0.0,333.436,3.94,1.7,16.5,24.097,2.1,60.19,0.611,1201680
Africa,Ethiopia,04-12-2023,500731.0,0.0,13.286,7573.0,4058.448,0.0,61.38,0.0,0.0,0.0,0.0,0.0,0.0,0.0,0.0,0.0,0.0,104.957,19.8,3.526,2.063,1729.927,26.7,182.634,7.47,0.4,8.5,7.96,0.3,66.6,0.485,123379928
Europe,Faeroe Islands,04-12-2023,34658.0,0.0,0.0,28.0,652484.139,0.0,527.138,0.0,0.0,0.0,0.0,0.0,0.0,0.0,0.0,0.0,0.0,35.308,0.0,0.0,0.0,0.0,0.0,0.0,0.0,0.0,0.0,0.0,0.0,80.67,0.0,53117
South America,Falkland Islands,04-12-2023,1923.0,0.0,0.0,0.0,505919.495,0.0,0.0,0.0,0.0,0.0,0.0,0.0,0.0,0.0,0.0,0.0,0.0,0.0,0.0,0.0,0.0,0.0,0.0,0.0,0.0,0.0,0.0,0.0,0.0,81.44,0.0,3801
Oceania,Fiji,04-12-2023,68914.0,0.0,0.0,883.0,74119.486,0.0,949.698,0.0,1555143.0,712021.0,641182.0,172033.0,0.0,167.26,76.58,68.96,18.5,49.562,28.6,6.224,3.284,8702.975,1.4,412.82,14.49,10.2,34.8,0.0,2.3,67.44,0.743,929769
Europe,Finland,04-12-2023,1468123.0,0.0,15.429,9097.0,264968.52,0.0,1641.837,0.0,13209082.0,4524428.0,4347960.0,4336694.0,0.0,238.4,81.66,78.47,78.27,18.136,42.8,21.228,13.264,40585.721,0.0,153.507,5.76,18.3,22.6,0.0,3.28,81.91,0.938,5540745
Europe,France,13-04-2023,38791479.0,1342.0,7975.429,162176.0,600239.91,20.765,2509.43,0.433,154415832.0,54669095.0,53181643.0,47647439.0,1541.0,227.71,80.62,78.42,70.26,122.578,42.0,19.718,13.079,38605.671,0.0,86.06,4.77,30.1,35.6,0.0,5.98,82.66,0.901,67813000
South America,French Guiana,04-12-2023,98041.0,0.0,0.0,413.0,321901.841,0.0,1356.019,0.0,0.0,0.0,0.0,0.0,0.0,0.0,0.0,0.0,0.0,0.0,25.3,0.0,2.897,0.0,0.0,0.0,0.0,0.0,0.0,0.0,0.0,79.95,0.0,304568
Oceania,French Polynesia,04-12-2023,78219.0,0.0,0.0,649.0,255373.957,0.0,2118.893,0.0,0.0,0.0,0.0,0.0,0.0,0.0,0.0,0.0,0.0,77.324,32.7,7.775,4.593,0.0,0.0,0.0,22.63,0.0,0.0,0.0,0.0,77.66,0.0,306292
Africa,Gabon,04-12-2023,48981.0,0.0,0.0,306.0,20502.747,0.0,128.087,0.0,0.0,0.0,0.0,0.0,0.0,0.0,0.0,0.0,0.0,7.859,23.1,4.45,2.976,16562.413,3.4,259.967,7.2,0.0,0.0,0.0,6.3,66.47,0.703,2388997
Africa,Gambia,04-12-2023,12622.0,0.0,0.0,372.0,4664.458,0.0,137.473,0.0,0.0,0.0,0.0,0.0,0.0,0.0,0.0,0.0,0.0,207.566,17.5,2.339,1.417,1561.767,10.1,331.43,1.91,0.7,31.2,7.876,1.1,62.05,0.496,2705995
Asia,Georgia,04-12-2023,1836791.0,0.0,0.0,17032.0,490545.443,0.0,4548.678,0.0,0.0,0.0,0.0,0.0,0.0,0.0,0.0,0.0,0.0,65.032,38.7,14.864,10.244,9745.079,4.2,496.218,7.11,5.3,55.5,0.0,2.6,73.77,0.812,3744385
Europe,Germany,15-04-2023,38368891.0,1684.0,2349.571,171411.0,460225.077,20.199,2056.031,0.0,192221468.0,64876299.0,63563414.0,64791434.0,945.0,230.56,77.82,76.24,77.72,237.016,46.6,21.453,15.957,45229.245,0.0,156.139,8.31,28.2,33.1,0.0,8.0,81.33,0.947,83369840
Africa,Ghana,04-12-2023,171527.0,0.0,0.0,1462.0,5123.9,0.0,43.673,0.0,0.0,0.0,0.0,0.0,0.0,0.0,0.0,0.0,0.0,126.719,21.1,3.385,1.948,4227.63,12.0,298.245,4.97,0.3,7.7,41.047,0.9,64.07,0.611,33475870
Europe,Gibraltar,04-12-2023,20550.0,0.0,0.0,113.0,628882.7,0.0,3458.09,0.0,0.0,0.0,0.0,0.0,0.0,0.0,0.0,0.0,0.0,3457.1,0.0,0.0,0.0,0.0,0.0,0.0,0.0,0.0,0.0,0.0,0.0,79.93,0.0,32677
Europe,Greece,15-04-2023,5972760.0,0.0,0.0,36629.0,575134.916,0.0,3527.116,0.0,22120079.0,7934750.0,7645143.0,7119102.0,1.0,213.0,76.41,73.62,68.55,83.479,45.3,20.396,14.524,24574.382,1.5,175.695,4.55,35.3,52.0,0.0,4.21,82.24,0.888,10384972
North America,Greenland,04-12-2023,11971.0,0.0,0.0,21.0,211898.609,0.0,371.721,0.0,0.0,0.0,0.0,0.0,0.0,0.0,0.0,0.0,0.0,0.137,0.0,0.0,0.0,0.0,0.0,199.941,2.16,0.0,0.0,0.0,0.0,71.7,0.0,56494
North America,Grenada,04-12-2023,19683.0,0.0,0.0,238.0,156887.908,0.0,1897.034,0.0,0.0,0.0,0.0,0.0,0.0,0.0,0.0,0.0,0.0,317.132,29.4,7.304,5.021,13593.877,0.0,243.964,10.71,0.0,0.0,0.0,3.7,72.4,0.779,125459
North America,Guadeloupe,04-12-2023,202163.0,0.0,0.0,1012.0,510819.634,0.0,2557.092,0.0,0.0,0.0,0.0,0.0,0.0,0.0,0.0,0.0,0.0,0.0,43.4,0.0,0.0,0.0,0.0,0.0,0.0,0.0,0.0,0.0,0.0,82.14,0.0,395762
Oceania,Guam,04-12-2023,51017.0,0.0,0.0,415.0,296985.15,0.0,2415.839,0.0,0.0,0.0,0.0,0.0,0.0,0.0,0.0,0.0,0.0,304.128,31.4,9.551,5.493,0.0,0.0,310.496,21.52,0.0,0.0,0.0,0.0,80.07,0.0,171783
North America,Guatemala,04-12-2023,1244812.0,0.0,0.0,20187.0,69761.152,0.0,1131.31,0.0,0.0,0.0,0.0,0.0,0.0,0.0,0.0,0.0,0.0,157.834,22.9,4.694,3.016,7423.808,8.7,155.898,10.18,0.0,0.0,76.665,0.6,74.3,0.663,17843914
Europe,Guernsey,04-12-2023,35235.0,0.0,0.0,67.0,556380.173,0.0,1057.967,0.0,0.0,0.0,0.0,0.0,0.0,0.0,0.0,0.0,0.0,0.0,0.0,0.0,0.0,0.0,0.0,0.0,0.0,0.0,0.0,0.0,0.0,0.0,0.0,63329
Africa,Guinea,04-12-2023,38280.0,0.0,0.0,467.0,2762.034,0.0,33.696,0.0,10645240.0,7679918.0,4725982.0,302545.0,0.0,76.81,55.41,34.1,2.18,51.755,19.0,3.135,1.733,1998.926,35.3,336.717,2.42,0.0,0.0,17.45,0.3,61.6,0.477,13859349
Africa,Guinea-Bissau,04-12-2023,9350.0,0.0,0.0,176.0,4440.582,0.0,83.587,0.0,600165.0,579572.0,382303.0,53033.0,0.0,28.5,27.53,18.16,2.52,66.191,19.4,3.002,1.565,1548.675,67.1,382.474,2.42,0.0,0.0,6.403,0.0,58.32,0.48,2105580
South America,Guyana,04-12-2023,73119.0,0.0,0.0,1298.0,90412.463,0.0,1604.992,0.0,0.0,0.0,0.0,0.0,0.0,0.0,0.0,0.0,0.0,3.952,26.3,5.305,2.837,7435.047,0.0,373.159,11.62,0.0,0.0,77.159,1.6,69.91,0.682,808727
North America,Haiti,04-12-2023,34202.0,0.0,0.0,860.0,2952.265,0.0,74.234,0.0,608275.0,465761.0,294528.0,0.0,0.0,5.25,4.02,2.54,0.0,398.448,24.3,4.8,2.954,1653.173,23.5,430.548,6.65,2.9,23.1,22.863,0.7,64.0,0.51,11585003
North America,Honduras,04-12-2023,472467.0,0.0,0.0,11111.0,45286.44,0.0,1065.001,0.0,0.0,0.0,0.0,0.0,0.0,0.0,0.0,0.0,0.0,82.805,24.9,4.652,2.883,4541.795,16.0,240.208,7.21,2.0,0.0,84.169,0.7,75.27,0.634,10432858
Asia,Hong Kong,04-09-2023,0.0,0.0,0.0,0.0,0.0,0.0,0.0,0.0,20752868.0,6915011.0,6798633.0,7039224.0,414.0,277.12,92.34,90.78,94.0,7039.714,44.8,16.303,10.158,56054.92,0.0,0.0,8.33,0.0,0.0,0.0,0.0,84.86,0.949,7488863
Europe,Hungary,04-12-2023,2199764.0,0.0,0.0,48719.0,220697.994,0.0,4887.881,0.0,0.0,0.0,0.0,0.0,0.0,0.0,0.0,0.0,0.0,108.043,43.4,18.577,11.976,26777.561,0.5,278.296,7.55,26.8,34.8,0.0,7.02,76.88,0.854,9967304
Europe,Iceland,04-12-2023,209191.0,0.0,0.0,260.0,560979.665,0.0,697.232,0.0,0.0,0.0,0.0,0.0,0.0,0.0,0.0,0.0,0.0,3.404,37.3,14.431,9.207,46482.958,0.2,117.992,5.31,14.3,15.2,0.0,2.91,82.99,0.949,372903
Asia,India,15-04-2023,44768172.0,5676.0,5555.429,531000.0,31589.769,4.005,374.69,0.015,2206598272.0,1027402322.0,951964954.0,227230996.0,596.0,155.7,72.5,67.17,16.03,450.419,28.2,5.989,3.414,6426.674,21.2,282.28,10.39,1.9,20.6,59.55,0.53,69.66,0.645,1417173120
Asia,Indonesia,04-12-2023,6752606.0,944.0,614.0,161071.0,24510.247,3.426,584.647,0.051,0.0,0.0,0.0,0.0,0.0,0.0,0.0,0.0,0.0,145.725,29.3,5.319,3.053,11188.744,5.7,342.864,6.32,2.8,76.1,64.204,1.04,71.72,0.718,275501344
Asia,Iran,04-12-2023,7597982.0,884.0,1348.857,145571.0,85803.876,9.983,1643.931,0.418,0.0,0.0,0.0,0.0,0.0,0.0,0.0,0.0,0.0,49.831,32.4,5.44,3.182,19082.62,0.2,270.308,9.59,0.8,21.1,0.0,1.5,76.68,0.783,88550568
Asia,Iraq,04-12-2023,2465545.0,0.0,0.0,25375.0,55410.332,0.0,570.274,0.0,0.0,0.0,0.0,0.0,0.0,0.0,0.0,0.0,0.0,88.125,20.0,3.186,1.957,15663.986,2.5,218.612,8.83,0.0,0.0,94.576,1.4,70.6,0.674,44496124
Europe,Ireland,04-12-2023,1708435.0,183.0,138.429,8782.0,340115.124,36.432,1748.32,3.783,0.0,0.0,0.0,0.0,0.0,0.0,0.0,0.0,0.0,69.874,38.7,13.928,8.678,67335.293,0.2,126.459,3.28,23.0,25.7,0.0,2.96,82.3,0.955,5023108
Europe,Isle of Man,04-12-2023,38008.0,0.0,0.0,116.0,449617.905,0.0,1372.229,0.0,0.0,0.0,0.0,0.0,0.0,0.0,0.0,0.0,0.0,147.872,0.0,0.0,0.0,0.0,0.0,0.0,0.0,0.0,0.0,0.0,0.0,81.4,0.0,84534
Asia,Israel,15-04-2023,4817255.0,333.0,274.286,12416.0,509816.383,35.242,1314.001,0.0,18647708.0,6722990.0,6159636.0,5765082.0,1.0,197.35,71.15,65.19,61.01,402.606,30.6,11.733,7.359,33132.32,0.5,93.32,6.74,15.4,35.4,0.0,2.99,82.97,0.919,9449000
Europe,Italy,15-04-2023,25715384.0,2877.0,2867.571,189262.0,435577.323,48.732,3205.794,0.186,143840732.0,50891177.0,47972040.0,46995821.0,155.0,243.64,86.2,81.26,79.6,205.859,47.9,23.021,16.24,35220.084,2.0,113.151,4.78,19.8,27.8,0.0,3.18,83.51,0.892,59037472
North America,Jamaica,04-12-2023,154602.0,0.0,0.0,3529.0,54680.266,0.0,1248.151,0.0,1522173.0,854889.0,755392.0,45963.0,0.0,53.84,30.24,26.72,1.63,266.879,31.4,9.684,6.39,8193.571,0.0,206.537,11.28,5.3,28.6,66.425,1.7,74.47,0.734,2827382
Asia,Japan,04-12-2023,33523927.0,7079.0,7825.429,74096.0,270459.607,57.111,597.781,0.121,383464754.0,104696356.0,103368798.0,175399600.0,3868.0,309.37,84.47,83.39,141.51,347.778,48.2,27.049,18.493,39002.223,0.0,79.37,5.72,11.2,33.7,0.0,13.05,84.63,0.919,123951696
Europe,Jersey,04-12-2023,66391.0,0.0,0.0,161.0,599218.383,0.0,1453.121,0.0,0.0,0.0,0.0,0.0,0.0,0.0,0.0,0.0,0.0,0.0,0.0,0.0,0.0,0.0,0.0,0.0,0.0,0.0,0.0,0.0,0.0,0.0,0.0,110796
Asia,Jordan,04-12-2023,1746997.0,0.0,0.0,14122.0,154794.998,0.0,1251.299,0.0,0.0,0.0,0.0,0.0,0.0,0.0,0.0,0.0,0.0,109.285,23.2,3.81,2.361,8337.49,0.1,208.257,11.75,0.0,0.0,0.0,1.4,74.53,0.729,11285875
Asia,Kazakhstan,04-12-2023,1501450.0,0.0,48.571,19072.0,77402.317,0.0,983.194,0.0,0.0,0.0,0.0,0.0,0.0,0.0,0.0,0.0,0.0,6.681,30.6,6.991,4.625,24055.588,0.1,466.792,7.11,7.0,43.1,98.999,6.7,73.6,0.825,19397998
Africa,Kenya,04-12-2023,342992.0,0.0,1.286,5688.0,6348.473,0.0,105.28,0.0,23750431.0,14494372.0,11090440.0,2000636.0,0.0,43.96,26.83,20.53,3.7,87.324,20.0,2.686,1.528,2993.028,36.8,218.637,2.92,1.2,20.4,24.651,1.4,66.7,0.601,54027484
Oceania,Kiribati,04-12-2023,5014.0,0.0,0.0,18.0,38205.689,0.0,137.156,0.0,0.0,0.0,0.0,0.0,0.0,0.0,0.0,0.0,0.0,143.701,23.2,3.895,2.21,1981.132,0.0,434.657,22.66,35.9,58.9,0.0,1.9,68.37,0.63,131237
Europe,Kosovo,04-12-2023,273764.0,0.0,8.286,3205.0,153617.471,0.0,1798.425,0.0,0.0,0.0,0.0,0.0,0.0,0.0,0.0,0.0,0.0,168.155,0.0,0.0,0.0,9795.834,0.6,0.0,0.0,0.0,0.0,0.0,0.0,0.0,0.0,1782115
Asia,Kuwait,04-12-2023,665527.0,141.0,20.143,2570.0,155901.797,33.03,602.031,0.0,8259575.0,3456716.0,3345363.0,1457496.0,0.0,193.48,80.97,78.37,34.14,232.128,33.7,2.345,1.114,65530.537,0.0,132.235,15.84,2.7,37.0,0.0,2.0,75.49,0.806,4268886
Asia,Kyrgyzstan,15-04-2023,206849.0,0.0,2.429,2991.0,31196.022,0.0,451.089,0.0,3460810.0,1665980.0,1377827.0,0.0,132.0,52.19,25.13,20.78,0.0,32.333,26.3,4.489,2.882,3393.474,1.4,436.362,7.11,3.6,50.5,89.22,4.5,71.45,0.697,6630621
Asia,Laos,04-12-2023,218037.0,0.0,0.0,671.0,28957.788,0.0,89.116,0.0,0.0,0.0,0.0,0.0,0.0,0.0,0.0,0.0,0.0,29.715,24.4,4.029,2.322,6397.36,22.7,368.111,4.0,7.3,51.2,49.839,1.5,67.92,0.613,7529477
Europe,Latvia,04-12-2023,977172.0,0.0,20.286,6319.0,528014.421,0.0,3414.469,0.0,0.0,0.0,0.0,0.0,0.0,0.0,0.0,0.0,0.0,31.212,43.9,19.754,14.136,25063.846,0.7,350.06,4.91,25.6,51.0,0.0,5.57,75.29,0.866,1850654
Asia,Lebanon,04-12-2023,1235177.0,112.0,82.0,10874.0,224997.195,20.402,1980.785,0.0,0.0,0.0,0.0,0.0,0.0,0.0,0.0,0.0,0.0,594.561,31.1,8.514,5.43,13367.565,0.0,266.591,12.71,26.9,40.7,0.0,2.9,78.93,0.744,5489744
Africa,Lesotho,04-12-2023,34490.0,0.0,0.0,706.0,14957.764,0.0,306.181,0.0,0.0,0.0,0.0,0.0,0.0,0.0,0.0,0.0,0.0,73.562,22.2,4.506,2.647,2851.153,59.6,405.126,3.94,0.4,53.9,2.117,0.0,54.33,0.527,2305826
Africa,Liberia,04-12-2023,8090.0,0.0,0.0,294.0,1525.641,0.0,55.444,0.0,0.0,0.0,0.0,0.0,0.0,0.0,0.0,0.0,0.0,49.127,19.2,3.057,1.756,752.788,38.6,272.509,2.42,1.5,18.1,1.188,0.8,64.1,0.48,5302690
Africa,Libya,04-12-2023,507229.0,0.0,3.286,6437.0,74457.338,0.0,944.902,0.0,0.0,0.0,0.0,0.0,0.0,0.0,0.0,0.0,0.0,3.623,29.0,4.424,2.816,17881.509,0.0,341.862,10.43,0.0,0.0,0.0,3.7,72.91,0.724,6812344
Europe,Liechtenstein,04-12-2023,21460.0,0.0,0.0,87.0,545292.847,0.0,2210.647,0.0,74314.0,26770.0,26466.0,22073.0,0.0,188.83,68.02,67.25,56.09,237.012,0.0,0.0,0.0,0.0,0.0,0.0,7.77,0.0,0.0,0.0,2.397,82.49,0.919,39355
Europe,Lithuania,14-04-2023,1316086.0,0.0,103.286,9647.0,478566.634,0.0,3507.926,0.0,4545584.0,1957082.0,1880428.0,944258.0,37.0,165.29,71.17,68.38,34.34,45.135,43.5,19.002,13.778,29524.265,0.7,342.989,3.67,21.3,38.0,0.0,6.56,75.93,0.882,2750058
Europe,Luxembourg,04-12-2023,319959.0,0.0,0.0,1232.0,494068.107,0.0,1902.406,0.0,0.0,0.0,0.0,0.0,0.0,0.0,0.0,0.0,0.0,231.447,39.7,14.312,9.842,94277.965,0.2,128.275,4.42,20.9,26.0,0.0,4.51,82.25,0.916,647601
Asia,Macao,13-04-2023,0.0,0.0,0.0,0.0,0.0,0.0,0.0,0.0,1802985.0,679703.0,642266.0,481016.0,0.0,259.36,97.77,92.39,69.19,20546.766,39.2,9.798,4.991,104861.851,0.0,0.0,0.0,0.0,0.0,0.0,0.0,84.24,0.0,695180
Africa,Madagascar,04-12-2023,68105.0,0.0,0.0,1424.0,2299.934,0.0,48.089,0.0,2820301.0,2502027.0,2423671.0,140832.0,0.0,9.52,8.45,8.18,0.48,43.951,19.6,2.929,1.686,1416.44,77.6,405.994,3.94,0.0,0.0,50.54,0.2,67.04,0.528,29611718
Africa,Malawi,04-12-2023,88620.0,0.0,0.0,2686.0,4342.985,0.0,131.632,0.0,7540975.0,4805678.0,3771031.0,960840.0,0.0,36.96,23.55,18.48,4.71,197.519,18.1,2.979,1.783,1095.042,71.4,227.349,3.94,4.4,24.7,8.704,1.3,64.26,0.483,20405318
Asia,Malaysia,15-04-2023,5052337.0,0.0,0.0,36982.0,148868.668,0.0,1089.686,0.0,72608377.0,28133829.0,27547048.0,17145703.0,319.0,213.94,82.9,81.17,50.52,96.254,29.9,6.293,3.407,26808.164,0.1,260.942,16.74,1.0,42.4,0.0,1.9,76.16,0.81,33938216
Asia,Maldives,04-12-2023,185894.0,0.0,12.0,311.0,354896.353,0.0,593.74,0.0,0.0,0.0,0.0,0.0,0.0,0.0,0.0,0.0,0.0,1454.433,30.6,4.12,2.875,15183.616,0.0,164.905,9.19,2.1,55.0,95.803,0.0,78.92,0.74,523798
Africa,Mali,04-12-2023,33133.0,0.0,2.143,743.0,1466.477,0.0,32.885,0.0,5761850.0,4258032.0,3511503.0,0.0,0.0,25.5,18.85,15.54,0.0,15.196,16.4,2.519,1.486,2014.306,0.0,268.024,2.42,1.6,23.0,52.232,0.1,59.31,0.434,22593598
Europe,Malta,04-12-2023,118214.0,0.0,11.571,833.0,221668.014,0.0,1561.993,0.0,1380773.0,478770.0,471506.0,464878.0,0.0,258.91,89.78,88.41,87.17,1454.037,42.4,19.426,11.324,36513.323,0.2,168.711,8.83,20.9,30.2,0.0,4.485,82.53,0.895,533293
Oceania,Marshall Islands,04-12-2023,16013.0,0.0,0.0,17.0,384992.667,0.0,408.723,0.0,0.0,0.0,0.0,0.0,0.0,0.0,0.0,0.0,0.0,295.15,0.0,0.0,0.0,3819.202,0.0,557.793,30.53,0.0,0.0,82.502,2.7,73.7,0.704,41593
North America,Martinique,04-12-2023,229479.0,0.0,0.0,1095.0,624412.264,0.0,2979.495,0.0,0.0,0.0,0.0,0.0,0.0,0.0,0.0,0.0,0.0,0.0,45.7,0.0,12.543,0.0,0.0,0.0,0.0,0.0,0.0,0.0,0.0,82.54,0.0,367512
Africa,Mauritania,04-12-2023,63562.0,0.0,0.0,997.0,13420.617,0.0,210.509,0.0,4068530.0,2100725.0,1537866.0,383479.0,0.0,85.9,44.36,32.47,8.1,4.289,20.3,3.138,1.792,3597.633,6.0,232.347,2.42,0.0,0.0,15.95,0.0,64.92,0.546,4736146
Africa,Mauritius,04-12-2023,298099.0,0.0,0.0,1044.0,229399.036,0.0,803.4,0.0,2614763.0,1123773.0,1088142.0,640233.0,0.0,201.22,86.48,83.74,49.27,622.962,37.4,10.945,5.884,20292.745,0.5,224.644,22.02,3.2,40.7,0.0,3.4,74.99,0.804,1299478
Africa,Mayotte,04-12-2023,42008.0,0.0,0.0,187.0,128814.245,0.0,573.421,0.0,0.0,0.0,0.0,0.0,0.0,0.0,0.0,0.0,0.0,0.0,20.1,0.0,2.411,0.0,0.0,0.0,0.0,0.0,0.0,0.0,0.0,79.46,0.0,326113
North America,Mexico,04-12-2023,7553646.0,6072.0,867.429,333596.0,59242.368,47.622,2616.355,0.251,0.0,0.0,0.0,0.0,0.0,0.0,0.0,0.0,0.0,66.444,29.3,6.857,4.321,17336.469,2.5,152.783,13.06,6.9,21.4,87.847,1.38,75.05,0.779,127504120
Oceania,Micronesia (country),04-12-2023,25703.0,0.0,0.0,63.0,225113.419,0.0,551.77,0.0,0.0,0.0,0.0,0.0,0.0,0.0,0.0,0.0,0.0,150.777,23.0,4.81,2.392,3299.464,16.0,454.343,12.02,0.0,0.0,0.0,0.0,67.88,0.62,114178
Europe,Moldova,04-12-2023,618741.0,0.0,0.0,12086.0,189044.401,0.0,3692.645,0.0,0.0,0.0,0.0,0.0,0.0,0.0,0.0,0.0,0.0,123.655,37.6,10.864,6.955,5189.972,0.2,408.502,5.72,5.9,44.6,86.979,5.8,71.9,0.75,3272993
Europe,Monaco,04-12-2023,16178.0,0.0,0.0,67.0,443342.194,0.0,1836.069,0.0,0.0,0.0,0.0,0.0,0.0,0.0,0.0,0.0,0.0,19347.5,0.0,0.0,0.0,0.0,0.0,0.0,5.46,0.0,0.0,0.0,13.8,86.75,0.0,36491
Asia,Mongolia,04-12-2023,1007943.0,0.0,0.0,2136.0,296595.753,0.0,628.536,0.0,0.0,0.0,0.0,0.0,0.0,0.0,0.0,0.0,0.0,1.98,28.6,4.031,2.421,11840.846,0.5,460.043,4.82,5.5,46.5,71.18,7.0,69.87,0.737,3398373
Europe,Montenegro,04-12-2023,289292.0,0.0,0.0,2808.0,461330.416,0.0,4477.883,0.0,0.0,0.0,0.0,0.0,0.0,0.0,0.0,0.0,0.0,46.28,39.1,14.762,9.395,16409.288,1.0,387.305,10.08,44.0,47.9,0.0,3.861,76.88,0.829,627082
North America,Montserrat,04-12-2023,1403.0,0.0,0.0,8.0,317924.315,0.0,1812.826,0.0,0.0,0.0,0.0,0.0,0.0,0.0,0.0,0.0,0.0,0.0,0.0,0.0,0.0,0.0,0.0,0.0,0.0,0.0,0.0,0.0,0.0,74.16,0.0,4413
Africa,Morocco,04-12-2023,1272733.0,0.0,7.714,16296.0,33977.623,0.0,435.048,0.0,55387241.0,25019798.0,23521517.0,6882931.0,0.0,147.87,66.79,62.79,18.38,80.08,29.6,6.769,4.209,7485.013,1.0,419.146,7.14,0.8,47.1,0.0,1.1,76.68,0.686,37457976
Africa,Mozambique,04-12-2023,233334.0,0.0,0.0,2242.0,7077.264,0.0,68.002,0.0,29457535.0,18647673.0,18473865.0,1245054.0,0.0,89.35,56.56,56.03,3.78,37.728,17.7,3.158,1.87,1136.103,62.9,329.942,3.3,5.1,29.1,12.227,0.7,60.85,0.456,32969520
Asia,Myanmar,04-12-2023,634105.0,0.0,2.571,19490.0,11703.822,0.0,359.731,0.0,0.0,0.0,0.0,0.0,0.0,0.0,0.0,0.0,0.0,81.721,29.1,5.732,3.12,5591.597,6.4,202.104,4.61,6.3,35.2,79.287,0.9,67.13,0.583,54179312
Africa,Namibia,04-12-2023,171222.0,0.0,0.0,4090.0,66700.584,0.0,1593.285,0.0,988027.0,831212.0,537147.0,294922.0,0.0,38.49,32.38,20.92,11.49,3.078,22.0,3.552,2.085,9541.808,13.4,243.811,3.94,9.7,34.2,44.6,0.0,63.71,0.646,2567024
Oceania,Nauru,04-12-2023,5393.0,0.0,0.0,1.0,424946.813,0.0,78.796,0.0,0.0,0.0,0.0,0.0,0.0,0.0,0.0,0.0,0.0,682.45,0.0,0.0,0.0,12895.635,0.0,0.0,24.07,43.0,36.9,0.0,5.0,59.96,0.0,12691
Asia,Nepal,04-12-2023,1001951.0,0.0,49.429,12021.0,32799.679,0.0,393.517,0.0,61476637.0,27774365.0,24331076.0,9371196.0,0.0,201.25,90.92,79.65,30.68,204.43,25.0,5.809,3.212,2442.804,15.0,260.797,7.26,9.5,37.8,47.782,0.3,70.78,0.602,30547586
Europe,Netherlands,14-04-2023,8610372.0,0.0,0.0,22992.0,490227.864,0.0,1309.04,0.0,0.0,0.0,0.0,0.0,0.0,0.0,0.0,0.0,0.0,508.544,43.2,18.779,11.881,48472.545,0.0,109.361,5.29,24.4,27.3,0.0,3.32,82.28,0.944,17564020
Oceania,New Caledonia,04-12-2023,80052.0,0.0,0.0,314.0,276080.411,0.0,1082.912,0.0,480497.0,192371.0,184801.0,103325.0,0.0,165.71,66.34,63.73,35.63,15.342,33.4,9.954,6.489,0.0,0.0,0.0,23.36,0.0,0.0,0.0,0.0,77.55,0.0,289959
Oceania,New Zealand,04-12-2023,2217047.0,0.0,0.0,2687.0,427564.79,0.0,518.197,0.0,12052315.0,4301605.0,4182631.0,3568079.0,19733.0,232.43,82.96,80.66,68.81,18.206,37.9,15.322,9.72,36085.843,0.0,128.797,8.08,14.8,17.2,0.0,2.61,82.29,0.931,5185289
North America,Nicaragua,04-12-2023,15682.0,0.0,0.0,245.0,2256.924,0.0,35.26,0.0,15304013.0,6254204.0,6073278.0,2892531.0,0.0,220.25,90.01,87.41,41.63,51.667,27.3,5.445,3.519,5321.444,3.2,137.016,11.47,0.0,0.0,0.0,0.9,74.48,0.66,6948395
Africa,Niger,04-12-2023,9513.0,0.0,0.0,315.0,362.981,0.0,12.019,0.0,0.0,0.0,0.0,0.0,0.0,0.0,0.0,0.0,0.0,16.955,15.1,2.553,1.378,926.0,44.5,238.339,2.42,0.1,15.4,8.978,0.3,62.42,0.394,26207982
Africa,Nigeria,04-12-2023,266675.0,0.0,1.429,3155.0,1220.25,0.0,14.437,0.0,0.0,0.0,0.0,0.0,0.0,0.0,0.0,0.0,0.0,209.588,18.1,2.751,1.447,5338.454,0.0,181.013,2.42,0.6,10.8,41.949,0.0,54.69,0.539,218541216
Oceania,Niue,04-12-2023,747.0,0.0,0.0,0.0,382684.426,0.0,0.0,0.0,0.0,0.0,0.0,0.0,0.0,0.0,0.0,0.0,0.0,0.0,0.0,0.0,0.0,0.0,0.0,0.0,0.0,0.0,0.0,0.0,0.0,73.71,0.0,1952
Asia,North Korea,04-12-2023,0.0,0.0,0.0,0.0,0.0,0.0,0.0,0.0,0.0,0.0,0.0,0.0,0.0,0.0,0.0,0.0,0.0,211.701,35.3,9.491,6.139,0.0,0.0,321.681,4.0,0.0,0.0,0.0,13.2,72.27,0.0,26069416
Europe,North Macedonia,04-12-2023,347672.0,0.0,0.0,9667.0,166063.72,0.0,4617.392,0.0,0.0,0.0,0.0,0.0,0.0,0.0,0.0,0.0,0.0,82.6,39.1,13.26,8.16,13111.214,5.0,322.688,10.08,0.0,0.0,0.0,4.28,75.8,0.774,2093606
Europe,Northern Ireland,04-12-2023,0.0,0.0,0.0,0.0,0.0,0.0,0.0,0.0,4487330.0,1430308.0,1360639.0,0.0,0.0,236.67,75.44,71.76,0.0,0.0,0.0,0.0,0.0,0.0,0.0,0.0,0.0,0.0,0.0,0.0,0.0,0.0,0.0,1896000
Oceania,Northern Mariana Islands,04-12-2023,13773.0,0.0,0.0,41.0,277827.087,0.0,827.046,0.0,0.0,0.0,0.0,0.0,0.0,0.0,0.0,0.0,0.0,119.878,0.0,0.0,0.0,0.0,0.0,194.994,0.0,0.0,0.0,0.0,0.0,76.74,0.0,49574
Europe,Norway,04-12-2023,1481760.0,0.0,40.143,5311.0,272666.849,0.0,977.306,0.0,0.0,0.0,0.0,0.0,0.0,0.0,0.0,0.0,0.0,14.462,39.7,16.821,10.813,64800.057,0.2,114.316,5.31,19.6,20.7,0.0,3.6,82.4,0.957,5434324
Asia,Oman,04-12-2023,399449.0,0.0,0.0,4628.0,87286.454,0.0,1011.297,0.0,0.0,0.0,0.0,0.0,0.0,0.0,0.0,0.0,0.0,14.98,30.7,2.355,1.53,37960.709,0.0,266.342,12.61,0.5,15.6,97.4,1.6,77.86,0.813,4576300
Asia,Pakistan,04-12-2023,1580021.0,0.0,22.857,30652.0,6699.976,0.0,129.978,0.0,334981904.0,162543923.0,140136610.0,50523363.0,0.0,142.05,68.93,59.42,21.42,255.573,23.5,4.495,2.78,5034.708,4.0,423.031,8.35,2.8,36.7,59.607,0.6,67.27,0.557,235824864
Oceania,Palau,04-12-2023,5997.0,0.0,0.0,9.0,331619.111,0.0,497.678,0.0,0.0,0.0,0.0,0.0,0.0,0.0,0.0,0.0,0.0,47.237,0.0,0.0,0.0,13240.405,0.0,0.0,15.89,7.7,22.7,0.0,4.8,73.7,0.826,18084
Asia,Palestine,04-12-2023,703228.0,0.0,0.0,5708.0,133946.251,0.0,1087.222,0.0,0.0,0.0,0.0,0.0,0.0,0.0,0.0,0.0,0.0,778.202,20.4,3.043,1.726,4449.898,1.0,265.91,10.59,0.0,0.0,0.0,0.0,74.05,0.708,5250076
North America,Panama,04-12-2023,1033781.0,0.0,0.0,8612.0,234492.86,0.0,1953.463,0.0,0.0,0.0,0.0,0.0,0.0,0.0,0.0,0.0,0.0,55.133,29.7,7.918,5.03,22267.037,2.2,128.346,8.33,2.4,9.9,0.0,2.3,78.51,0.815,4408582
Oceania,Papua New Guinea,04-12-2023,46837.0,0.0,0.0,670.0,4617.838,0.0,66.058,0.0,733363.0,379859.0,319168.0,34336.0,0.0,7.23,3.75,3.15,0.34,18.22,22.6,3.808,2.142,3823.194,0.0,561.494,17.65,23.5,48.8,0.0,0.0,64.5,0.555,10142625
South America,Paraguay,04-12-2023,735759.0,0.0,0.0,19880.0,108507.104,0.0,2931.831,0.0,0.0,0.0,0.0,0.0,0.0,0.0,0.0,0.0,0.0,17.144,26.5,6.378,3.833,8827.01,1.7,199.128,8.27,5.0,21.6,79.602,1.3,74.25,0.728,6780745
South America,Peru,13-04-2023,4492891.0,0.0,0.0,219866.0,131951.406,0.0,6457.229,2.408,88793261.0,30427212.0,28603371.0,29762678.0,3246.0,260.78,89.36,84.01,87.41,25.129,29.1,7.151,4.455,12236.706,3.5,85.755,5.95,4.8,0.0,0.0,1.6,76.74,0.777,34049588
Asia,Philippines,04-12-2023,4083678.0,177.0,211.0,66420.0,35338.465,1.532,574.771,0.26,0.0,0.0,0.0,0.0,0.0,0.0,0.0,0.0,0.0,351.873,25.2,4.803,2.661,7599.188,0.0,370.437,7.07,7.8,40.8,78.463,1.0,71.23,0.718,115559008
Oceania,Pitcairn,04-12-2023,4.0,0.0,0.0,0.0,85106.383,0.0,0.0,0.0,0.0,0.0,0.0,0.0,0.0,0.0,0.0,0.0,0.0,0.0,0.0,0.0,0.0,0.0,0.0,0.0,0.0,0.0,0.0,0.0,0.0,0.0,0.0,47
Europe,Poland,14-04-2023,6504340.0,130.0,657.571,119423.0,163191.321,3.262,2996.276,0.0,57965652.0,22874428.0,22646132.0,15332837.0,635.0,145.43,57.39,56.82,38.47,124.027,41.8,16.763,10.202,27216.445,0.0,227.331,5.91,23.3,33.1,0.0,6.62,78.73,0.88,39857144
Europe,Portugal,04-12-2023,5577825.0,129.0,197.571,26480.0,543072.988,12.56,2578.169,0.0,0.0,0.0,0.0,0.0,0.0,0.0,0.0,0.0,0.0,112.371,46.2,21.502,14.924,27936.896,0.5,127.842,9.85,16.3,30.0,0.0,3.39,82.05,0.864,10270857
North America,Puerto Rico,04-12-2023,1110017.0,1590.0,227.143,5867.0,341290.402,488.868,1803.892,3.382,0.0,0.0,0.0,0.0,0.0,0.0,0.0,0.0,0.0,376.232,38.2,15.168,9.829,35044.67,0.0,108.094,12.9,0.0,0.0,0.0,0.0,80.1,0.0,3252412
Asia,Qatar,04-12-2023,502436.0,328.0,333.429,688.0,186423.591,121.701,255.275,0.0,7608683.0,2852032.0,2852032.0,1904619.0,0.0,282.31,105.82,105.82,70.67,227.322,31.9,1.307,0.617,116935.6,0.0,176.69,16.52,0.8,26.9,0.0,1.2,80.23,0.848,2695131
Africa,Reunion,04-12-2023,494595.0,0.0,0.0,921.0,507765.419,0.0,945.525,0.0,0.0,0.0,0.0,0.0,0.0,0.0,0.0,0.0,0.0,0.0,36.0,0.0,6.841,0.0,0.0,0.0,0.0,0.0,0.0,0.0,0.0,80.48,0.0,974062
Europe,Romania,04-12-2023,3380891.0,6066.0,866.571,67961.0,171974.392,308.557,3456.944,2.238,0.0,0.0,0.0,0.0,0.0,0.0,0.0,0.0,0.0,85.129,43.0,17.85,11.69,23313.199,5.7,370.946,9.74,22.9,37.1,0.0,6.892,76.05,0.828,19659270
Europe,Russia,15-04-2023,22727542.0,5932.0,8062.714,397642.0,157052.186,40.991,2747.791,0.263,186636075.0,88792191.0,79699660.0,20383018.0,0.0,128.97,61.36,55.07,14.09,8.823,39.6,14.178,9.393,24765.954,0.1,431.297,6.18,23.4,58.3,0.0,8.05,72.58,0.824,144713312
Africa,Rwanda,04-12-2023,133194.0,0.0,0.0,1468.0,9668.061,0.0,106.557,0.0,0.0,0.0,0.0,0.0,0.0,0.0,0.0,0.0,0.0,494.869,20.3,2.974,1.642,1854.211,56.0,191.375,4.28,4.7,21.0,4.617,0.0,69.02,0.543,13776702
North America,Saint Barthelemy,04-12-2023,5478.0,0.0,0.0,5.0,498271.785,0.0,454.794,0.0,0.0,0.0,0.0,0.0,0.0,0.0,0.0,0.0,0.0,0.0,0.0,0.0,0.0,0.0,0.0,0.0,0.0,0.0,0.0,0.0,0.0,0.0,0.0,10994
Africa,Saint Helena,04-12-2023,2166.0,0.0,0.0,0.0,401036.845,0.0,0.0,0.0,0.0,0.0,0.0,0.0,0.0,0.0,0.0,0.0,0.0,0.0,0.0,0.0,0.0,0.0,0.0,0.0,0.0,0.0,0.0,0.0,0.0,80.56,0.0,5401
North America,Saint Kitts and Nevis,04-12-2023,6598.0,0.0,0.0,46.0,138377.97,0.0,964.745,0.0,0.0,0.0,0.0,0.0,0.0,0.0,0.0,0.0,0.0,212.865,0.0,0.0,0.0,24654.385,0.0,0.0,12.84,0.0,0.0,0.0,2.3,76.23,0.779,47681
North America,Saint Lucia,04-12-2023,30028.0,0.0,0.0,409.0,166940.936,0.0,2273.839,0.0,0.0,0.0,0.0,0.0,0.0,0.0,0.0,0.0,0.0,293.187,34.9,9.721,6.405,12951.839,0.0,204.62,11.62,0.0,0.0,87.202,1.3,76.2,0.759,179872
North America,Saint Martin (French part),04-12-2023,12280.0,0.0,0.0,46.0,385969.324,0.0,1445.813,0.0,0.0,0.0,0.0,0.0,0.0,0.0,0.0,0.0,0.0,590.533,0.0,0.0,0.0,0.0,0.0,0.0,0.0,0.0,0.0,0.0,0.0,82.08,0.0,31816
North America,Saint Pierre and Miquelon,04-12-2023,3426.0,0.0,0.0,2.0,582158.029,0.0,339.847,0.0,0.0,0.0,0.0,0.0,0.0,0.0,0.0,0.0,0.0,0.0,0.0,0.0,0.0,0.0,0.0,0.0,0.0,0.0,0.0,0.0,0.0,81.07,0.0,5885
North America,Saint Vincent and the Grenadines,04-12-2023,9601.0,0.0,0.0,124.0,92353.716,0.0,1192.778,0.0,0.0,0.0,0.0,0.0,0.0,0.0,0.0,0.0,0.0,281.787,31.8,7.724,4.832,10727.146,0.0,252.675,11.62,0.0,0.0,0.0,2.6,72.53,0.738,103959
Oceania,Samoa,04-12-2023,16675.0,0.0,0.0,31.0,74980.889,0.0,139.395,0.0,452932.0,191403.0,177954.0,82117.0,0.0,203.67,86.07,80.02,36.92,69.413,22.0,5.606,3.564,6021.557,0.0,348.977,9.21,16.7,38.1,0.0,0.0,73.32,0.715,222390
Europe,San Marino,04-12-2023,23873.0,0.0,1.286,123.0,708607.896,0.0,3650.935,0.0,0.0,0.0,0.0,0.0,0.0,0.0,0.0,0.0,0.0,556.667,0.0,0.0,0.0,56861.47,0.0,0.0,5.64,0.0,0.0,0.0,3.8,84.97,0.0,33690
Africa,Sao Tome and Principe,04-12-2023,6542.0,0.0,6.0,80.0,28769.575,0.0,351.814,0.0,262761.0,140256.0,111986.0,34494.0,0.0,115.55,61.68,49.25,15.17,212.841,18.7,2.886,2.162,3052.714,32.3,270.113,2.42,0.0,0.0,41.34,2.9,70.39,0.625,227393
Asia,Saudi Arabia,04-12-2023,836442.0,246.0,339.286,9635.0,22973.607,6.757,264.634,0.0,0.0,0.0,0.0,0.0,0.0,0.0,0.0,0.0,0.0,15.322,31.9,3.295,1.845,49045.411,0.0,259.538,17.72,1.8,25.4,0.0,2.7,75.13,0.854,36408824
Europe,Scotland,04-10-2023,0.0,0.0,0.0,0.0,0.0,0.0,0.0,0.0,0.0,0.0,0.0,0.0,0.0,0.0,0.0,0.0,0.0,0.0,0.0,0.0,0.0,0.0,0.0,0.0,0.0,0.0,0.0,0.0,0.0,0.0,0.0,5466000
Africa,Senegal,04-12-2023,88978.0,0.0,0.0,1971.0,5138.351,0.0,113.822,0.0,2930667.0,2684696.0,1442833.0,815965.0,0.0,16.92,15.5,8.33,4.71,82.328,18.7,3.008,1.796,2470.58,38.0,241.219,2.42,0.4,16.6,20.859,0.0,67.94,0.512,17316452
Europe,Serbia,15-04-2023,2524670.0,745.0,638.0,17996.0,367409.26,108.418,2618.915,0.0,0.0,0.0,0.0,0.0,0.0,0.0,0.0,0.0,0.0,80.291,41.2,17.366,0.0,14048.881,0.0,439.415,10.08,37.7,40.2,97.719,5.609,76.0,0.806,6871547
Africa,Seychelles,04-12-2023,50937.0,0.0,0.0,172.0,475446.866,0.0,1605.451,0.0,224558.0,88520.0,83565.0,44936.0,0.0,209.6,82.62,78.0,41.94,208.354,36.2,8.606,5.586,26382.287,1.1,242.648,10.55,7.1,35.7,0.0,3.6,73.4,0.796,107135
Africa,Sierra Leone,04-12-2023,7762.0,0.0,0.0,125.0,901.958,0.0,14.525,0.0,0.0,0.0,0.0,0.0,0.0,0.0,0.0,0.0,0.0,104.7,19.1,2.538,1.285,1390.3,52.2,325.721,2.42,8.8,41.3,19.275,0.0,54.7,0.452,8605723
Asia,Singapore,04-12-2023,2298689.0,0.0,0.0,1722.0,407784.288,0.0,305.48,0.0,0.0,0.0,0.0,0.0,0.0,0.0,0.0,0.0,0.0,7915.731,42.4,12.922,7.049,85535.383,0.0,92.243,10.99,5.2,28.3,0.0,2.4,83.62,0.938,5637022
North America,Sint Maarten (Dutch part),04-12-2023,11030.0,0.0,0.0,92.0,249592.686,0.0,2081.825,0.0,0.0,0.0,0.0,0.0,0.0,0.0,0.0,0.0,0.0,1209.088,0.0,0.0,0.0,36327.232,0.0,0.0,0.0,0.0,0.0,0.0,0.0,78.95,0.0,44192
Europe,Slovakia,04-12-2023,1865828.0,0.0,23.429,21123.0,330618.035,0.0,3742.92,0.0,0.0,0.0,0.0,0.0,0.0,0.0,0.0,0.0,0.0,113.128,41.2,15.07,9.167,30155.152,0.7,287.959,7.29,23.1,37.7,0.0,5.82,77.54,0.86,5643455
Europe,Slovenia,04-12-2023,1342156.0,0.0,50.143,9230.0,633139.341,0.0,4354.096,0.0,0.0,0.0,0.0,0.0,0.0,0.0,0.0,0.0,0.0,102.619,44.5,19.062,12.93,31400.84,0.0,153.493,7.25,20.1,25.0,0.0,4.5,81.32,0.917,2119843
Oceania,Solomon Islands,04-12-2023,24575.0,0.0,0.0,153.0,33930.623,0.0,211.247,0.0,0.0,0.0,0.0,0.0,0.0,0.0,0.0,0.0,0.0,21.841,20.8,3.507,2.043,2205.923,25.1,459.78,18.68,0.0,0.0,35.89,1.4,73.0,0.567,724272
Africa,Somalia,04-12-2023,27334.0,0.0,0.0,1361.0,1553.288,0.0,77.34,0.0,0.0,0.0,0.0,0.0,0.0,0.0,0.0,0.0,0.0,23.5,16.8,2.731,1.496,0.0,0.0,365.769,6.05,0.0,0.0,9.831,0.9,57.4,0.0,17597508
Africa,South Africa,04-12-2023,4072533.0,0.0,0.0,102595.0,67995.807,0.0,1712.946,0.0,38711609.0,24165157.0,21038797.0,4334775.0,0.0,64.63,40.35,35.13,7.24,46.754,27.3,5.344,3.053,12294.876,18.9,200.38,5.52,8.1,33.2,43.993,2.32,64.13,0.709,59893884
Asia,South Korea,04-12-2023,30918060.0,4005.0,10476.286,34332.0,596691.651,77.293,662.578,0.289,0.0,44810095.0,44395498.0,0.0,0.0,0.0,86.48,85.68,0.0,527.967,43.4,13.914,8.622,35938.374,0.2,85.998,6.8,6.2,40.9,0.0,12.27,83.03,0.916,51815808
Africa,South Sudan,04-12-2023,18368.0,0.0,0.0,138.0,1683.104,0.0,12.645,0.0,3900346.0,3849926.0,3808052.0,272667.0,0.0,35.74,35.28,34.89,2.5,0.0,19.2,3.441,2.032,1569.888,0.0,280.775,10.43,0.0,0.0,0.0,0.0,57.85,0.433,10913172
Europe,Spain,04-12-2023,13798747.0,0.0,0.0,120426.0,290141.798,0.0,2532.159,0.0,0.0,0.0,0.0,0.0,0.0,0.0,0.0,0.0,0.0,93.105,45.5,19.436,13.799,34272.36,1.0,99.403,7.17,27.4,31.4,0.0,2.97,83.56,0.904,47558632
Asia,Sri Lanka,04-12-2023,672092.0,0.0,1.286,16835.0,30784.508,0.0,771.11,0.0,0.0,0.0,0.0,0.0,0.0,0.0,0.0,0.0,0.0,341.955,34.1,10.069,5.331,11669.077,0.7,197.093,10.68,0.3,27.0,0.0,3.6,76.98,0.782,21832150
Africa,Sudan,04-12-2023,63922.0,0.0,0.0,5034.0,1363.693,0.0,107.394,0.0,22598737.0,15207452.0,13416394.0,3891363.0,0.0,48.21,32.44,28.62,8.3,23.258,19.7,3.548,2.034,4466.507,0.0,431.388,15.67,0.0,0.0,23.437,0.8,65.31,0.51,46874200
South America,Suriname,04-12-2023,82495.0,0.0,4.0,1404.0,133477.12,0.0,2271.676,0.0,0.0,0.0,0.0,0.0,0.0,0.0,0.0,0.0,0.0,3.612,29.6,6.933,4.229,13767.119,0.0,258.314,12.54,7.4,42.9,67.779,3.1,71.68,0.738,618046
Europe,Sweden,14-04-2023,2702703.0,0.0,0.0,23897.0,256196.188,0.0,2265.258,0.0,25940042.0,0.0,0.0,0.0,0.0,245.89,0.0,0.0,0.0,24.718,41.0,19.985,13.433,46949.283,0.5,133.982,4.79,18.8,18.9,0.0,2.22,82.8,0.945,10549349
Europe,Switzerland,04-12-2023,4399085.0,0.0,0.0,13981.0,503300.68,0.0,1599.571,0.0,16936551.0,6096635.0,6013059.0,4883758.0,68.0,193.77,69.75,68.8,55.88,214.243,43.1,18.436,12.644,57410.166,0.0,99.739,5.59,22.6,28.9,0.0,4.53,83.78,0.955,8740471
Asia,Syria,04-12-2023,57423.0,0.0,0.0,3163.0,2595.361,0.0,142.959,0.0,0.0,0.0,0.0,0.0,0.0,0.0,0.0,0.0,0.0,0.0,21.7,0.0,2.577,0.0,0.0,376.264,0.0,0.0,0.0,70.598,1.5,72.7,0.567,22125242
Asia,Taiwan,13-04-2023,0.0,0.0,0.0,0.0,0.0,0.0,0.0,0.0,67791921.0,21882373.0,20766229.0,25143319.0,11443.0,283.73,91.58,86.91,105.23,0.0,42.2,0.0,8.353,0.0,0.0,103.957,0.0,0.0,0.0,0.0,0.0,80.46,0.0,23893396
Asia,Tajikistan,04-12-2023,17786.0,0.0,0.0,125.0,1787.037,0.0,12.559,0.0,0.0,0.0,0.0,0.0,0.0,0.0,0.0,0.0,0.0,64.281,23.3,3.466,2.155,2896.913,4.8,427.698,7.11,0.0,0.0,72.704,4.8,71.1,0.668,9952789
Africa,Tanzania,04-12-2023,42973.0,0.0,0.0,846.0,656.099,0.0,12.916,0.0,0.0,0.0,0.0,0.0,0.0,0.0,0.0,0.0,0.0,64.699,17.7,3.108,1.874,2683.304,49.1,217.288,5.75,3.3,26.7,47.953,0.7,65.46,0.529,65497752
Asia,Thailand,04-12-2023,4728967.0,168.0,24.0,33940.0,65957.647,2.343,473.381,0.0,0.0,0.0,0.0,0.0,0.0,0.0,0.0,0.0,0.0,135.132,40.1,11.373,6.89,16277.671,0.1,109.861,7.04,1.9,38.8,90.67,2.1,77.15,0.777,71697024
Asia,Timor,04-12-2023,23423.0,0.0,0.0,138.0,17462.935,0.0,102.885,0.0,2015344.0,883561.0,798805.0,332978.0,0.0,150.25,65.87,59.55,24.83,87.176,18.0,3.556,1.897,6570.102,30.3,335.346,6.86,6.3,78.1,28.178,5.9,69.5,0.606,1341298
Africa,Togo,04-12-2023,39469.0,0.0,0.857,290.0,4460.429,0.0,32.773,0.0,3401991.0,2246404.0,1554066.0,427804.0,0.0,38.45,25.39,17.56,4.83,143.366,19.4,2.839,1.525,1429.813,49.2,280.033,6.15,0.9,14.2,10.475,0.7,61.04,0.515,8848700
Oceania,Tokelau,04-12-2023,5.0,0.0,0.0,0.0,2641.31,0.0,0.0,0.0,0.0,0.0,0.0,0.0,0.0,0.0,0.0,0.0,0.0,0.0,0.0,0.0,0.0,0.0,0.0,0.0,0.0,0.0,0.0,0.0,0.0,81.86,0.0,1893
Oceania,Tonga,04-12-2023,16814.0,0.0,0.0,12.0,157335.754,0.0,112.289,0.0,203208.0,87342.0,77360.0,38506.0,0.0,190.15,81.73,72.39,36.03,150.028,22.3,5.82,4.032,5425.621,0.0,227.49,15.42,11.8,44.4,0.0,2.6,70.91,0.725,106867
North America,Trinidad and Tobago,04-12-2023,191007.0,0.0,0.0,4372.0,124756.13,0.0,2855.57,0.0,0.0,0.0,0.0,0.0,0.0,0.0,0.0,0.0,0.0,266.886,36.2,10.014,5.819,28763.071,0.0,228.467,10.97,0.0,0.0,89.443,3.0,73.51,0.796,1531043
Africa,Tunisia,04-12-2023,1152033.0,0.0,0.0,29363.0,93235.852,0.0,2376.394,0.0,13247807.0,7218342.0,6399244.0,1257229.0,0.0,107.22,58.42,51.79,10.17,74.228,32.7,8.001,5.075,10849.297,2.0,318.991,8.52,1.1,65.8,78.687,2.3,76.7,0.74,12356116
Asia,Turkey,04-12-2023,17004677.0,0.0,0.0,101419.0,199255.078,0.0,1188.394,0.0,0.0,0.0,0.0,0.0,0.0,0.0,0.0,0.0,0.0,104.914,31.6,8.153,5.061,25129.341,0.2,171.285,12.13,14.1,41.1,0.0,2.81,77.69,0.82,85341248
Asia,Turkmenistan,04-12-2023,0.0,0.0,0.0,0.0,0.0,0.0,0.0,0.0,0.0,0.0,0.0,0.0,0.0,0.0,0.0,0.0,0.0,12.253,26.9,4.277,2.541,16389.023,0.0,536.783,7.11,0.0,0.0,100.0,7.4,68.19,0.715,6430777
North America,Turks and Caicos Islands,04-12-2023,6565.0,0.0,0.0,38.0,143572.585,0.0,831.037,0.0,0.0,0.0,0.0,0.0,0.0,0.0,0.0,0.0,0.0,37.312,0.0,0.0,0.0,0.0,0.0,0.0,0.0,0.0,0.0,0.0,0.0,80.22,0.0,45726
Oceania,Tuvalu,04-12-2023,2779.0,0.0,0.0,0.0,245169.828,0.0,0.0,0.0,0.0,0.0,0.0,0.0,0.0,0.0,0.0,0.0,0.0,373.067,0.0,0.0,0.0,3575.104,3.3,0.0,27.25,0.0,0.0,0.0,0.0,67.57,0.0,11335
Africa,Uganda,04-12-2023,170515.0,0.0,0.0,3632.0,3608.815,0.0,76.868,0.0,0.0,0.0,0.0,0.0,0.0,0.0,0.0,0.0,0.0,213.759,16.4,2.168,1.308,1697.707,41.6,213.333,2.5,3.4,16.7,21.222,0.5,63.37,0.544,47249588
Europe,Ukraine,04-12-2023,5484936.0,0.0,0.0,111789.0,138153.528,0.0,2815.72,0.0,0.0,0.0,0.0,0.0,0.0,0.0,0.0,0.0,0.0,77.39,41.4,16.462,11.133,7894.393,0.1,539.849,7.11,13.5,47.4,0.0,8.8,72.06,0.779,39701744
Asia,United Arab Emirates,04-12-2023,1058979.0,204.0,238.571,2349.0,112166.457,21.608,248.805,0.0,0.0,0.0,0.0,0.0,0.0,0.0,0.0,0.0,0.0,112.442,34.0,1.144,0.526,67293.483,0.0,317.84,17.26,1.2,37.4,0.0,1.2,77.97,0.89,9441138
Europe,United Kingdom,04-12-2023,24330379.0,1360.0,2216.286,212083.0,360402.347,20.145,3141.554,0.0,0.0,0.0,0.0,0.0,0.0,0.0,0.0,0.0,0.0,272.898,40.8,18.517,12.527,39753.244,0.2,122.137,4.28,20.0,24.7,0.0,2.54,81.32,0.932,67508936
North America,United States,13-04-2023,102873924.0,0.0,0.0,1118800.0,304099.937,0.0,3307.223,0.0,674711945.0,270142789.0,230467642.0,0.0,5653.0,203.22,81.37,69.42,0.0,35.608,38.3,15.413,9.732,54225.446,1.2,151.089,10.79,19.1,24.6,0.0,2.77,78.86,0.926,338289856
North America,United States Virgin Islands,04-12-2023,24886.0,0.0,3.286,130.0,250163.351,0.0,1306.808,0.0,0.0,0.0,0.0,0.0,0.0,0.0,0.0,0.0,0.0,306.48,42.2,18.601,10.799,0.0,0.0,273.67,12.26,0.0,0.0,0.0,0.0,80.58,0.0,99479
South America,Uruguay,15-04-2023,1036159.0,0.0,0.0,7621.0,302722.979,0.0,2226.542,0.0,9013237.0,3009512.0,2902124.0,3101601.0,170668.0,263.33,87.93,84.79,90.62,19.751,35.6,14.655,10.361,20551.409,0.1,160.708,6.93,14.0,19.9,0.0,2.8,77.91,0.817,3422796
Asia,Uzbekistan,04-12-2023,252265.0,0.0,22.143,1637.0,7285.075,0.0,47.274,0.0,0.0,0.0,0.0,0.0,0.0,0.0,0.0,0.0,0.0,76.134,28.2,4.469,2.873,6253.104,0.0,724.417,7.57,1.3,24.7,0.0,4.0,71.72,0.72,34627648
Oceania,Vanuatu,04-12-2023,12014.0,0.0,0.0,14.0,36768.847,0.0,42.847,0.0,0.0,0.0,0.0,0.0,0.0,0.0,0.0,0.0,0.0,22.662,23.1,4.394,2.62,2921.909,13.2,546.3,12.02,2.8,34.5,25.209,0.0,70.47,0.609,326744
Europe,Vatican,04-12-2023,26.0,0.0,0.0,0.0,32178.218,0.0,0.0,0.0,0.0,0.0,0.0,0.0,0.0,0.0,0.0,0.0,0.0,0.0,0.0,0.0,0.0,0.0,0.0,0.0,0.0,0.0,0.0,0.0,0.0,75.12,0.0,808
South America,Venezuela,04-12-2023,552398.0,0.0,0.0,5854.0,19518.191,0.0,206.843,0.0,0.0,0.0,0.0,0.0,0.0,0.0,0.0,0.0,0.0,36.253,29.0,6.614,3.915,16745.022,0.0,204.85,6.47,0.0,0.0,0.0,0.8,72.06,0.711,28301700
Asia,Vietnam,04-12-2023,11527745.0,0.0,48.857,43186.0,117406.193,0.0,439.835,0.0,0.0,0.0,0.0,0.0,0.0,0.0,0.0,0.0,0.0,308.127,32.6,7.15,4.718,6171.884,2.0,245.465,6.0,1.0,45.9,85.847,2.6,75.4,0.704,98186856
Europe,Wales,04-12-2023,0.0,0.0,0.0,0.0,0.0,0.0,0.0,0.0,0.0,0.0,0.0,0.0,0.0,0.0,0.0,0.0,0.0,0.0,0.0,0.0,0.0,0.0,0.0,0.0,0.0,0.0,0.0,0.0,0.0,0.0,0.0,3170000
Oceania,Wallis and Futuna,04-12-2023,3427.0,0.0,0.0,7.0,295532.942,0.0,603.656,0.0,0.0,0.0,0.0,0.0,0.0,0.0,0.0,0.0,0.0,0.0,0.0,0.0,0.0,0.0,0.0,0.0,0.0,0.0,0.0,0.0,0.0,79.94,0.0,11596
Asia,Yemen,04-12-2023,11945.0,0.0,0.0,2159.0,354.487,0.0,64.072,0.0,1275258.0,1032545.0,788707.0,63879.0,0.0,3.78,3.06,2.34,0.19,53.508,20.3,2.922,1.583,1479.147,18.8,495.003,5.35,7.6,29.2,49.542,0.7,66.12,0.47,33696612
Africa,Zambia,04-12-2023,343415.0,0.0,0.0,4057.0,17155.593,0.0,202.671,0.0,0.0,11637730.0,0.0,0.0,0.0,0.0,58.14,0.0,0.0,22.995,17.7,2.48,1.542,3689.251,57.5,234.499,3.94,3.1,24.7,13.938,2.0,63.89,0.584,20017670
Africa,Zimbabwe,04-12-2023,264584.0,0.0,2.571,5684.0,16211.719,0.0,348.273,0.0,0.0,0.0,0.0,0.0,0.0,0.0,0.0,0.0,0.0,42.729,19.6,2.822,1.882,1899.775,21.4,307.846,1.82,1.6,30.7,36.791,1.7,61.49,0.571,16320539
